B,S,p,nu,Q,aQB,mAQ,term
200,10,3,1,3,28599,1281,30011.890502
200,10,3,2,9,9666,411,10167.656732
200,10,3,3,27,3359,123,3555.109366
200,10,3,4,81,1254,23,1352.391727
200,10,3,5,243,497,-20,567.982553
200,10,3,6,729,400,-20,461.417161
200,10,5,1,5,17240,759,26525.146235
200,10,5,2,25,3608,130,5597.625059
200,10,5,3,125,902,10,1435.618618
200,10,5,4,625,400,-20,675.963923
200,10,7,1,7,12371,535,23031.792524
200,10,7,2,49,1934,54,3658.311080
200,10,7,3,343,483,-10,959.333703
200,10,11,1,11,7946,331,18259.972502
200,10,11,2,121,926,10,2196.472070
200,10,13,1,13,6755,277,16615.741938
200,10,13,2,169,701,0,1798.029500
200,10,17,1,17,5212,203,14191.565640
200,10,17,2,289,537,-10,1549.767699
200,10,19,1,19,4687,185,13255.864284
200,10,19,2,361,465,-10,1398.608515
200,10,23,1,23,3901,143,11783.187263
200,10,23,2,529,400,-20,1316.907571
200,10,29,1,29,3137,108,10199.539069
200,10,29,2,841,386,0,1299.776190
200,10,31,1,31,2956,106,9786.863533
200,10,31,2,961,266,0,913.440596
200,10,37,1,37,2501,80,8742.032267
200,10,41,1,41,2275,65,8206.994267
200,10,43,1,43,2185,65,7973.744245
200,10,47,1,47,2012,60,7515.488119
200,10,53,1,53,1796,40,6971.832600
200,10,59,1,59,1639,40,6519.982373
200,10,61,1,61,1597,40,6400.630607
200,10,67,1,67,1471,37,6029.529216
200,10,71,1,71,1387,20,5827.083392
200,10,73,1,73,1359,20,5744.925192
200,10,79,1,79,1293,30,5518.612638
200,10,83,1,83,1222,20,5311.446411
200,10,89,1,89,1162,20,5126.022734
200,10,97,1,97,1070,20,4803.446527
200,10,101,1,101,1042,14,4744.343891
200,10,103,1,103,1022,4,4718.154110
200,10,107,1,107,982,0,4588.717915
200,10,109,1,109,962,0,4513.076663
200,10,113,1,113,938,0,4434.289774
200,10,127,1,127,890,10,4262.884636
200,10,131,1,131,866,10,4173.168909
200,10,137,1,137,815,-2,4019.624416
200,10,139,1,139,809,0,3991.989412
200,10,149,1,149,779,0,3898.074172
200,10,151,1,151,773,0,3878.357314
200,10,157,1,157,755,0,3817.465583
200,10,163,1,163,737,0,3754.093898
200,10,167,1,167,717,0,3669.601564
200,10,173,1,173,669,0,3447.552077
200,10,179,1,179,647,0,3356.238616
200,10,181,1,181,645,0,3353.030585
200,10,191,1,191,635,0,3335.193627
200,10,193,1,193,633,0,3331.282890
200,10,197,1,197,629,0,3323.135145
200,10,199,1,199,627,0,3318.902125
200,10,211,1,211,593,-20,3280.689036
200,10,223,1,223,557,-20,3119.938112
200,10,227,1,227,545,-20,3065.096760
200,10,229,1,229,539,-20,3037.450600
200,10,233,1,233,527,-20,2981.718034
200,10,239,1,239,509,-20,2897.049219
200,10,241,1,241,503,-20,2868.548796
200,10,251,1,251,501,-20,2878.760981
200,10,257,1,257,513,-20,2957.657553
200,10,263,1,263,525,-20,3036.823948
200,10,269,1,269,537,-20,3116.254238
200,10,271,1,271,541,-17,3125.982302
200,10,277,1,277,549,-10,3143.825786
200,10,281,1,281,545,-10,3129.286841
200,10,283,1,283,543,-10,3121.932134
200,10,293,1,293,533,-10,3084.333727
200,10,307,1,307,519,-10,3029.502458
200,10,311,1,311,515,-10,3013.391279
200,10,313,1,313,513,-10,3005.264269
200,10,317,1,317,509,-10,2988.870021
200,10,331,1,331,495,-10,2930.069780
200,10,337,1,337,489,-10,2904.221382
200,10,347,1,347,479,-10,2860.319817
200,10,349,1,349,477,-10,2851.420026
200,10,353,1,353,473,-10,2833.504071
200,10,359,1,359,467,-10,2806.344779
200,10,367,1,367,459,-10,2769.614707
200,10,373,1,373,453,-10,2741.690808
200,10,379,1,379,447,-10,2713.454046
200,10,383,1,383,443,-10,2694.459850
200,10,389,1,389,437,-10,2665.719967
200,10,397,1,397,429,-10,2626.948027
200,10,401,1,401,424,-11,2607.373221
200,10,409,1,409,400,-23,2543.801511
200,10,419,1,419,400,-20,2535.905786
200,10,421,1,421,400,-20,2537.905790
200,10,431,1,431,400,-20,2547.765398
200,10,433,1,433,400,-20,2549.709846
200,10,439,1,439,400,-20,2555.489753
200,10,443,1,443,400,-20,2559.299303
200,10,449,1,449,400,-20,2564.949613
200,10,457,1,457,400,-20,2572.367024
200,10,461,1,461,400,-20,2576.027178
200,10,463,1,463,400,-20,2577.845363
200,10,467,1,467,400,-20,2581.458288
200,10,479,1,479,400,-20,2592.114251
200,10,487,1,487,400,-20,2599.070932
200,10,491,1,491,400,-20,2602.506534
200,10,499,1,499,400,-20,2609.294560
200,10,503,1,503,400,-20,2612.647871
200,10,509,1,509,400,-20,2617.628167
200,10,521,1,521,400,-20,2627.415018
200,10,523,1,523,400,-20,2629.024215
200,10,541,1,541,400,-20,2643.236097
200,10,547,1,547,400,-20,2647.868497
200,10,557,1,557,400,-20,2655.477401
200,10,563,1,563,400,-20,2659.977444
200,10,569,1,569,400,-20,2664.429782
200,10,571,1,571,400,-20,2665.903468
200,10,577,1,577,400,-20,2670.293752
200,10,587,1,587,400,-20,2677.510424
200,10,593,1,593,400,-20,2681.781648
200,10,599,1,599,400,-20,2686.009871
200,10,601,1,601,400,-20,2687.409873
200,10,607,1,607,400,-20,2691.582092
200,10,613,1,613,400,-20,2695.713273
200,10,617,1,617,400,-20,2698.444990
200,10,619,1,619,400,-20,2699.804215
200,10,631,1,631,400,-20,2707.868462
200,10,641,1,641,400,-20,2714.472372
200,10,643,1,643,400,-20,2715.780784
200,10,647,1,647,400,-20,2718.385444
200,10,653,1,653,400,-20,2722.262394
200,10,659,1,659,400,-20,2726.103884
200,10,661,1,661,400,-20,2727.376613
200,10,673,1,673,400,-20,2734.933038
200,10,677,1,677,400,-20,2737.421935
200,10,683,1,683,400,-20,2741.127841
200,10,691,1,691,400,-20,2746.018726
200,10,701,1,701,400,-20,2752.053313
200,10,709,1,709,400,-20,2756.819321
200,10,719,1,719,400,-20,2762.701770
200,10,727,1,727,400,-20,2767.349121
200,10,733,1,733,400,-20,2770.801195
200,10,739,1,739,400,-20,2774.225127
200,10,743,1,743,400,-20,2776.492339
200,10,751,1,751,400,-20,2780.990374
200,10,757,1,757,400,-20,2784.332566
200,10,761,1,761,400,-20,2786.546010
200,10,769,1,769,400,-20,2790.938207
200,10,773,1,773,400,-20,2793.117200
200,10,787,1,787,400,-20,2800.655864
200,10,797,1,797,400,-20,2805.958965
200,10,809,1,809,400,-18,2798.843947
200,10,811,1,811,400,-16,2786.479511
200,10,821,1,821,400,-6,2724.472382
200,10,823,1,823,400,-4,2712.034305
200,10,827,1,827,400,0,2687.121878
200,10,829,1,829,398,0,2674.647622
200,10,839,1,839,388,0,2612.097754
200,10,853,1,853,374,0,2524.036071
200,10,857,1,857,370,0,2498.772030
200,10,859,1,859,368,0,2486.122963
200,10,863,1,863,364,0,2460.790948
200,10,877,1,877,350,0,2371.777447
200,10,881,1,881,346,0,2346.245939
200,10,883,1,883,344,0,2333.463869
200,10,887,1,887,340,0,2307.867294
200,10,907,1,907,320,0,2179.245584
200,10,911,1,911,316,0,2153.395556
200,10,919,1,919,308,0,2101.572126
200,10,929,1,929,298,0,2036.564404
200,10,937,1,937,290,0,1984.378152
200,10,941,1,941,286,0,1958.225738
200,10,947,1,947,280,0,1918.923746
200,10,953,1,953,274,0,1879.534484
200,10,967,1,967,260,0,1787.291609
200,10,971,1,971,256,0,1760.851576
200,10,977,1,977,250,0,1721.121663
200,10,983,1,983,244,0,1681.308625
200,10,991,1,991,236,0,1628.096630
200,10,997,1,997,230,0,1588.092677
200,10,1009,1,1009,218,0,1507.843874
200,10,1013,1,1013,214,0,1481.023702
200,10,1019,1,1019,208,0,1440.728023
200,10,1021,1,1021,206,0,1427.278791
200,10,1031,1,1031,196,0,1359.903759
200,10,1033,1,1033,194,0,1346.403159
200,10,1039,1,1039,188,0,1305.850630
200,10,1049,1,1049,178,0,1238.095484
200,10,1051,1,1051,176,0,1224.519537
200,10,1061,1,1061,166,0,1156.516545
200,10,1063,1,1063,164,0,1142.891462
200,10,1069,1,1069,158,0,1101.967668
200,10,1087,1,1087,140,0,978.764764
200,10,1091,1,1091,136,0,951.299598
200,10,1093,1,1093,134,0,937.555319
200,10,1097,1,1097,130,0,910.043480
200,10,1103,1,1103,124,0,868.717838
200,10,1109,1,1109,118,0,827.323251
200,10,1117,1,1117,110,0,772.024198
200,10,1123,1,1123,104,0,730.470931
200,10,1129,1,1129,98,0,688.850581
200,10,1151,1,1151,76,0,535.677367
200,10,1153,1,1153,74,0,521.709066
200,10,1163,1,1163,64,0,451.760522
200,10,1171,1,1171,56,0,395.674348
200,10,1181,1,1181,46,0,325.409374
200,10,1187,1,1187,40,0,283.167376
200,10,1193,1,1193,34,0,240.863698
200,10,1201,1,1201,26,0,184.363655
200,10,1213,1,1213,14,0,99.411927
200,10,1217,1,1217,10,0,71.041441
200,10,1223,1,1223,4,0,28.436249
400,20,3,1,3,113201,5197,118654.521625
400,20,3,2,9,38004,1700,39884.020528
400,20,3,3,27,12935,532,13626.088216
400,20,3,4,81,4575,145,4866.852439
400,20,3,5,243,1834,20,1992.882692
400,20,3,6,729,917,-20,1029.399714
400,20,3,7,2187,260,0,285.639195
400,20,5,1,5,68080,3098,104584.494426
400,20,5,2,25,13936,582,21492.433883
400,20,5,3,125,3113,80,4881.425188
400,20,5,4,625,1021,-20,1675.424867
400,20,7,1,7,48743,2198,90572.387888
400,20,7,2,49,7304,268,13691.423809
400,20,7,3,343,1349,0,2625.032791
400,20,7,4,2401,46,0,89.511867
400,20,11,1,11,31164,1381,71416.514910
400,20,11,2,121,3197,80,7474.239565
400,20,11,3,1331,800,-40,2014.232029
400,20,13,1,13,26431,1158,64823.965111
400,20,13,2,169,2402,40,6058.410382
400,20,13,3,2197,250,0,641.237339
400,20,17,1,17,20312,878,55060.668128
400,20,17,2,289,1579,0,4473.643870
400,20,19,1,19,18209,779,51321.571407
400,20,19,2,361,1285,0,3783.604088
400,20,23,1,23,15115,635,45401.956247
400,20,23,2,529,1057,-40,3439.637155
400,20,29,1,29,12070,491,38989.918415
400,20,29,2,841,800,-40,2828.528497
400,20,31,1,31,11313,454,37289.667054
400,20,31,2,961,800,-40,2884.549252
400,20,37,1,37,9545,370,33130.171849
400,20,37,2,1369,800,-40,3033.171047
400,20,41,1,41,8650,327,30908.060311
400,20,41,2,1681,766,0,2844.596203
400,20,43,1,43,8261,310,29905.302120
400,20,43,2,1849,598,0,2249.197669
400,20,47,1,47,7621,299,28190.780740
400,20,47,2,2209,238,0,916.335129
400,20,53,1,53,6804,258,25989.530866
400,20,59,1,59,6127,207,24139.021668
400,20,61,1,61,5971,220,23641.635593
400,20,67,1,67,5450,188,22125.092563
400,20,71,1,71,5176,173,21326.187425
400,20,73,1,73,5053,176,20924.570694
400,20,79,1,79,4675,146,19789.229324
400,20,83,1,83,4465,125,19177.768238
400,20,89,1,89,4224,139,18336.079570
400,20,97,1,97,3890,112,17283.258077
400,20,101,1,101,3748,108,16799.038681
400,20,103,1,103,3676,88,16629.407610
400,20,107,1,107,3546,80,16196.024740
400,20,109,1,109,3520,94,16072.557845
400,20,113,1,113,3420,100,15694.927558
400,20,127,1,127,3067,79,14474.431014
400,20,131,1,131,2973,80,14103.945856
400,20,137,1,137,2861,49,13834.986363
400,20,139,1,139,2819,43,13698.099638
400,20,149,1,149,2695,56,13205.414301
400,20,151,1,151,2673,60,13110.152214
400,20,157,1,157,2583,60,12756.908167
400,20,163,1,163,2464,38,12357.437987
400,20,167,1,167,2422,40,12191.061261
400,20,173,1,173,2362,40,11965.943082
400,20,179,1,179,2302,40,11733.866693
400,20,181,1,181,2282,40,11655.030344
400,20,191,1,191,2146,40,11061.287839
400,20,193,1,193,2134,40,11020.073256
400,20,197,1,197,2110,40,10936.231718
400,20,199,1,199,2098,40,10893.621329
400,20,211,1,211,1982,0,10607.382821
400,20,223,1,223,1868,0,10100.596869
400,20,227,1,227,1872,0,10155.506433
400,20,229,1,229,1874,0,10182.795035
400,20,233,1,233,1878,12,10171.637754
400,20,239,1,239,1858,20,10065.740008
400,20,241,1,241,1846,20,10015.239201
400,20,251,1,251,1786,20,9757.949891
400,20,257,1,257,1750,20,9599.901627
400,20,263,1,263,1714,20,9439.228931
400,20,269,1,269,1665,10,9259.247333
400,20,271,1,271,1641,1,9187.474866
400,20,277,1,277,1615,0,9082.788272
400,20,281,1,281,1603,0,9038.282535
400,20,283,1,283,1597,0,9015.778696
400,20,293,1,293,1567,0,8900.830478
400,20,307,1,307,1525,0,8733.442815
400,20,311,1,311,1513,0,8684.306676
400,20,313,1,313,1507,0,8659.528208
400,20,317,1,317,1495,0,8609.558152
400,20,331,1,331,1445,0,8384.061052
400,20,337,1,337,1397,0,8130.655854
400,20,347,1,347,1317,0,7703.560735
400,20,349,1,349,1301,0,7617.448571
400,20,353,1,353,1293,0,7585.343198
400,20,359,1,359,1287,0,7571.835914
400,20,367,1,367,1279,0,7552.957804
400,20,373,1,373,1273,0,7538.169328
400,20,379,1,379,1267,0,7522.858372
400,20,383,1,383,1263,0,7512.368191
400,20,389,1,389,1257,0,7496.219235
400,20,397,1,397,1249,0,7473.936415
400,20,401,1,401,1243,-3,7468.475938
400,20,409,1,409,1219,-27,7493.089084
400,20,419,1,419,1189,-39,7414.505490
400,20,421,1,421,1183,-40,7390.139956
400,20,431,1,431,1153,-40,7236.866951
400,20,433,1,433,1147,-40,7205.965683
400,20,439,1,439,1129,-40,7112.779814
400,20,443,1,443,1117,-40,7050.260224
400,20,449,1,449,1099,-40,6955.899069
400,20,457,1,457,1075,-40,6829.021981
400,20,461,1,461,1063,-40,6765.138041
400,20,463,1,463,1057,-40,6733.086578
400,20,467,1,467,1045,-40,6668.767245
400,20,479,1,479,1009,-40,6474.113927
400,20,487,1,487,985,-40,6342.970726
400,20,491,1,491,981,-40,6326.569454
400,20,499,1,499,997,-40,6442.472521
400,20,503,1,503,1005,-40,6500.516728
400,20,509,1,509,1017,-40,6587.697553
400,20,521,1,521,1041,-40,6762.465795
400,20,523,1,523,1045,-40,6791.645889
400,20,541,1,541,1081,-32,7004.575657
400,20,547,1,547,1093,-23,7035.764864
400,20,557,1,557,1089,-20,7011.724851
400,20,563,1,563,1083,-20,6985.607430
400,20,569,1,569,1077,-20,6959.236836
400,20,571,1,571,1075,-20,6950.391185
400,20,577,1,577,1069,-20,6923.690228
400,20,587,1,587,1059,-20,6878.651781
400,20,593,1,593,1053,-20,6851.313590
400,20,599,1,599,1047,-20,6823.744125
400,20,601,1,601,1045,-20,6814.503605
400,20,607,1,607,1039,-20,6786.631990
400,20,613,1,613,1033,-20,6758.538278
400,20,617,1,617,1029,-20,6739.687606
400,20,619,1,619,1027,-20,6730.226221
400,20,631,1,631,1015,-20,6672.961568
400,20,641,1,641,1005,-20,6624.605193
400,20,643,1,643,1003,-20,6614.866053
400,20,647,1,647,999,-20,6595.320874
400,20,653,1,653,993,-20,6565.837632
400,20,659,1,659,987,-20,6536.158599
400,20,661,1,661,985,-20,6526.222609
400,20,673,1,673,973,-20,6466.163112
400,20,677,1,677,969,-20,6445.976889
400,20,683,1,683,963,-20,6415.544447
400,20,691,1,691,955,-20,6374.686328
400,20,701,1,701,945,-20,6323.170111
400,20,709,1,709,937,-20,6281.609739
400,20,719,1,719,927,-20,6229.234706
400,20,727,1,727,919,-20,6187.001962
400,20,733,1,733,913,-20,6155.136940
400,20,739,1,739,907,-20,6123.111173
400,20,743,1,743,903,-20,6101.672449
400,20,751,1,751,895,-20,6058.586171
400,20,757,1,757,889,-20,6026.091197
400,20,761,1,761,885,-20,6004.343189
400,20,769,1,769,877,-20,5960.646600
400,20,773,1,773,873,-20,5938.699190
400,20,787,1,787,859,-20,5861.372630
400,20,797,1,797,849,-20,5805.662716
400,20,809,1,809,820,-33,5711.516476
400,20,811,1,811,814,-36,5693.527846
400,20,821,1,821,800,-42,5650.260458
400,20,823,1,823,800,-40,5638.883209
400,20,827,1,827,800,-40,5642.955944
400,20,829,1,829,800,-40,5644.984930
400,20,839,1,839,800,-40,5655.056993
400,20,853,1,853,800,-40,5668.958020
400,20,857,1,857,800,-40,5672.887852
400,20,859,1,859,800,-40,5674.845894
400,20,863,1,863,800,-40,5678.748341
400,20,877,1,877,800,-40,5692.265874
400,20,881,1,881,800,-40,5696.088406
400,20,883,1,883,800,-40,5697.993169
400,20,887,1,887,800,-40,5701.789785
400,20,907,1,907,800,-40,5720.519658
400,20,911,1,911,800,-40,5724.216034
400,20,919,1,919,800,-40,5731.560343
400,20,929,1,929,800,-40,5740.651341
400,20,937,1,937,800,-40,5747.853957
400,20,941,1,941,800,-40,5751.432237
400,20,947,1,947,800,-40,5756.771238
400,20,953,1,953,800,-40,5762.076519
400,20,967,1,967,800,-40,5774.326736
400,20,971,1,971,800,-40,5777.794233
400,20,977,1,977,800,-40,5782.968788
400,20,983,1,983,800,-40,5788.111661
400,20,991,1,991,800,-40,5794.920209
400,20,997,1,997,800,-40,5799.990647
400,20,1009,1,1009,800,-40,5810.040617
400,20,1013,1,1013,800,-40,5813.364064
400,20,1019,1,1019,800,-40,5818.324708
400,20,1021,1,1021,800,-40,5819.971767
400,20,1031,1,1031,800,-40,5828.158967
400,20,1033,1,1033,800,-40,5829.786874
400,20,1039,1,1039,800,-40,5834.651753
400,20,1049,1,1049,800,-40,5842.697791
400,20,1051,1,1051,800,-40,5844.297792
400,20,1061,1,1061,800,-40,5852.252396
400,20,1063,1,1063,800,-40,5853.834318
400,20,1069,1,1069,800,-40,5858.562285
400,20,1087,1,1087,800,-40,5872.588585
400,20,1091,1,1091,800,-40,5875.673988
400,20,1093,1,1093,800,-40,5877.212450
400,20,1097,1,1097,800,-40,5880.280947
400,20,1103,1,1103,800,-40,5884.862776
400,20,1109,1,1109,800,-40,5889.419749
400,20,1117,1,1117,800,-40,5895.457511
400,20,1123,1,1123,800,-40,5899.957522
400,20,1129,1,1129,800,-40,5904.433554
400,20,1151,1,1151,800,-40,5920.644583
400,20,1153,1,1153,800,-40,5922.102917
400,20,1163,1,1163,800,-40,5929.356848
400,20,1171,1,1171,800,-40,5935.115225
400,20,1181,1,1181,800,-40,5942.258126
400,20,1187,1,1187,800,-40,5946.514891
400,20,1193,1,1193,800,-40,5950.750195
400,20,1201,1,1201,800,-40,5956.364251
400,20,1213,1,1213,800,-40,5964.715604
400,20,1217,1,1217,800,-40,5967.481038
400,20,1223,1,1223,800,-40,5971.612194
400,20,1229,1,1229,800,-40,5975.723132
400,20,1231,1,1231,800,-40,5977.088986
400,20,1237,1,1237,800,-40,5981.173273
400,20,1249,1,1249,800,-40,5989.282749
400,20,1259,1,1259,800,-40,5995.981349
400,20,1277,1,1277,800,-40,6007.905839
400,20,1279,1,1279,800,-40,6009.220393
400,20,1283,1,1283,800,-40,6011.843346
400,20,1289,1,1289,800,-40,6015.762482
400,20,1291,1,1291,800,-40,6017.064808
400,20,1297,1,1297,800,-40,6020.959715
400,20,1301,1,1301,800,-40,6023.546322
400,20,1303,1,1303,800,-40,6024.836645
400,20,1307,1,1307,800,-40,6027.411359
400,20,1319,1,1319,800,-40,6035.088488
400,20,1321,1,1321,800,-40,6036.361216
400,20,1327,1,1327,800,-40,6040.167869
400,20,1361,1,1361,800,-40,6061.419002
400,20,1367,1,1367,800,-40,6065.114023
400,20,1373,1,1373,800,-40,6068.792861
400,20,1381,1,1381,800,-40,6073.673049
400,20,1399,1,1399,800,-40,6084.550899
400,20,1409,1,1409,800,-40,6090.533830
400,20,1423,1,1423,800,-40,6098.838982
400,20,1427,1,1427,800,-40,6101.196879
400,20,1429,1,1429,800,-40,6102.373349
400,20,1433,1,1433,800,-40,6104.721359
400,20,1439,1,1439,800,-40,6108.231114
400,20,1447,1,1447,800,-40,6112.888090
400,20,1451,1,1451,800,-40,6115.206932
400,20,1453,1,1453,800,-40,6116.363957
400,20,1459,1,1459,800,-40,6119.825501
400,20,1471,1,1471,800,-40,6126.706085
400,20,1481,1,1481,800,-40,6132.397164
400,20,1483,1,1483,800,-40,6133.530767
400,20,1487,1,1487,800,-40,6135.793395
400,20,1489,1,1489,800,-40,6136.922427
400,20,1493,1,1493,800,-40,6139.175950
400,20,1499,1,1499,800,-40,6142.544938
400,20,1511,1,1511,800,-40,6149.242648
400,20,1523,1,1523,800,-40,6155.887376
400,20,1531,1,1531,800,-40,6160.288172
400,20,1543,1,1543,800,-40,6166.846436
400,20,1549,1,1549,800,-40,6170.106466
400,20,1553,1,1553,800,-40,6172.272811
400,20,1559,1,1559,800,-40,6175.511890
400,20,1567,1,1567,800,-40,6179.811324
400,20,1571,1,1571,800,-40,6181.952816
400,20,1579,1,1579,800,-40,6186.219492
400,20,1583,1,1583,800,-40,6188.344730
400,20,1597,1,1597,800,-40,6195.741005
400,20,1601,1,1601,800,-40,6197.842319
400,20,1607,1,1607,800,-40,6200.984467
400,20,1609,1,1609,800,-38,6187.262507
400,20,1613,1,1613,800,-34,6159.799799
400,20,1619,1,1619,800,-28,6118.558954
400,20,1621,1,1621,800,-26,6104.799579
400,20,1627,1,1627,800,-20,6063.484348
400,20,1637,1,1637,800,-10,5994.502668
400,20,1657,1,1657,790,0,5856.083574
400,20,1663,1,1663,784,0,5814.440728
400,20,1667,1,1667,780,0,5786.649089
400,20,1669,1,1669,778,0,5772.744381
400,20,1693,1,1693,754,0,5605.430066
400,20,1697,1,1697,750,0,5577.462949
400,20,1699,1,1699,748,0,5563.470751
400,20,1709,1,1709,738,0,5493.423798
400,20,1721,1,1721,726,0,5409.179738
400,20,1723,1,1723,724,0,5395.119299
400,20,1733,1,1733,714,0,5324.733033
400,20,1741,1,1741,706,0,5268.323747
400,20,1747,1,1747,700,0,5225.958717
400,20,1753,1,1753,694,0,5183.544216
400,20,1759,1,1759,688,0,5141.080512
400,20,1777,1,1777,670,0,5013.396825
400,20,1783,1,1783,664,0,4970.738938
400,20,1787,1,1787,660,0,4942.273720
400,20,1789,1,1789,658,0,4928.033151
400,20,1801,1,1801,646,0,4842.478885
400,20,1811,1,1811,636,0,4771.039515
400,20,1823,1,1823,624,0,4685.140995
400,20,1831,1,1831,616,0,4627.772408
400,20,1847,1,1847,600,0,4512.790788
400,20,1861,1,1861,586,0,4411.917384
400,20,1867,1,1867,580,0,4368.611123
400,20,1871,1,1871,576,0,4339.715516
400,20,1873,1,1873,574,0,4325.260307
400,20,1877,1,1877,570,0,4296.335121
400,20,1879,1,1879,568,0,4281.865160
400,20,1889,1,1889,558,0,4209.442000
400,20,1901,1,1901,546,0,4122.373897
400,20,1907,1,1907,540,0,4078.774767
400,20,1913,1,1913,534,0,4035.132536
400,20,1931,1,1931,516,0,3903.949334
400,20,1933,1,1933,514,0,3889.349838
400,20,1949,1,1949,498,0,3772.385706
400,20,1951,1,1951,496,0,3757.744281
400,20,1973,1,1973,474,0,3596.385180
400,20,1979,1,1979,468,0,3552.282371
400,20,1987,1,1987,460,0,3493.415372
400,20,1993,1,1993,454,0,3449.217929
400,20,1997,1,1997,450,0,3419.730600
400,20,1999,1,1999,448,0,3404.980246
400,20,2003,1,2003,444,0,3375.466193
400,20,2011,1,2011,436,0,3316.384902
400,20,2017,1,2017,430,0,3272.027611
400,20,2027,1,2027,420,0,3198.011102
400,20,2029,1,2029,418,0,3183.194706
400,20,2039,1,2039,408,0,3109.047626
400,20,2053,1,2053,394,0,3005.060622
400,20,2063,1,2063,384,0,2930.655941
400,20,2069,1,2069,378,0,2885.962216
400,20,2081,1,2081,366,0,2796.461000
400,20,2083,1,2083,364,0,2781.529457
400,20,2087,1,2087,360,0,2751.653847
400,20,2089,1,2089,358,0,2736.709793
400,20,2099,1,2099,348,0,2661.927279
400,20,2111,1,2111,336,0,2572.052128
400,20,2113,1,2113,334,0,2557.058582
400,20,2129,1,2129,318,0,2436.963637
400,20,2131,1,2131,316,0,2421.933536
400,20,2137,1,2137,310,0,2376.819059
400,20,2141,1,2141,306,0,2346.722656
400,20,2143,1,2143,304,0,2331.668447
400,20,2153,1,2153,294,0,2256.337544
400,20,2161,1,2161,286,0,2196.001338
400,20,2179,1,2179,268,0,2060.014518
400,20,2203,1,2203,244,0,1878.208385
400,20,2207,1,2207,240,0,1847.853458
400,20,2213,1,2213,234,0,1802.292416
400,20,2221,1,2221,226,0,1741.491098
400,20,2237,1,2237,210,0,1619.707102
400,20,2239,1,2239,208,0,1604.467200
400,20,2243,1,2243,204,0,1573.976185
400,20,2251,1,2251,196,0,1512.949449
400,20,2267,1,2267,180,0,1390.718277
400,20,2269,1,2269,178,0,1375.422818
400,20,2273,1,2273,174,0,1344.820913
400,20,2281,1,2281,166,0,1283.573291
400,20,2287,1,2287,160,0,1237.599391
400,20,2293,1,2293,154,0,1191.592908
400,20,2297,1,2297,150,0,1160.903880
400,20,2309,1,2309,138,0,1068.750634
400,20,2311,1,2311,136,0,1053.379243
400,20,2333,1,2333,114,0,884.059771
400,20,2339,1,2339,108,0,837.807707
400,20,2341,1,2341,106,0,822.383348
400,20,2347,1,2347,100,0,776.089320
400,20,2351,1,2351,96,0,745.209221
400,20,2357,1,2357,90,0,698.863041
400,20,2371,1,2371,76,0,590.601099
400,20,2377,1,2377,70,0,544.151613
400,20,2381,1,2381,66,0,513.168206
400,20,2383,1,2383,64,0,497.671391
400,20,2389,1,2389,58,0,451.160549
400,20,2393,1,2393,54,0,420.136367
400,20,2399,1,2399,48,0,373.574749
400,20,2411,1,2411,36,0,280.360688
400,20,2417,1,2417,30,0,233.708471
400,20,2423,1,2423,24,0,187.026281
400,20,2437,1,2437,10,0,77.985231
400,20,2441,1,2441,6,0,46.800978
800,40,3,1,3,450399,20926,471824.315451
800,40,3,2,9,150665,6907,157934.305394
800,40,3,3,27,50750,2234,53300.273797
800,40,3,4,81,17450,667,18438.010041
800,40,3,5,243,6355,160,6805.903128
800,40,3,6,729,2557,0,2809.151622
800,40,3,7,2187,1600,-80,1845.668645
800,40,5,1,5,270560,12516,415305.796676
800,40,5,2,25,54752,2425,84217.057644
800,40,5,3,125,11578,403,17985.468671
800,40,5,4,625,3011,0,4846.017554
800,40,5,5,3125,1600,-80,2703.855693
800,40,7,1,7,193486,8911,359166.365762
800,40,7,2,49,28336,1189,52825.622816
800,40,7,3,343,4742,80,9071.833115
800,40,7,4,2401,1600,-80,3269.129050
800,40,11,1,11,123419,5633,282438.492602
800,40,11,2,121,11971,430,27674.109343
800,40,11,3,1331,1955,-40,4783.801069
800,40,13,1,13,104558,4753,255994.770621
800,40,13,2,169,8749,242,21820.024184
800,40,13,3,2197,1600,-80,4309.114921
800,40,17,1,17,80141,3610,216828.650434
800,40,17,2,289,5415,80,15115.193191
800,40,19,1,19,71790,3221,201897.236362
800,40,19,2,361,4562,80,13196.975505
800,40,23,1,23,59445,2642,178105.477947
800,40,23,2,529,3398,40,10528.989577
800,40,29,1,29,47314,2077,152326.361461
800,40,29,2,841,2363,-80,8226.303713
800,40,31,1,31,44306,1930,145518.641777
800,40,31,2,961,2003,-80,7152.995347
800,40,37,1,37,37262,1606,128750.889093
800,40,37,2,1369,1917,-40,7066.566355
800,40,41,1,41,33700,1438,119807.262016
800,40,41,2,1681,1600,-80,6238.801072
800,40,43,1,43,32171,1366,115863.769564
800,40,43,2,1849,1600,-80,6318.816194
800,40,47,1,47,29497,1243,108782.070339
800,40,47,2,2209,1600,-80,6468.247971
800,40,53,1,53,26245,1085,99892.544545
800,40,53,2,2809,1600,-80,6670.090415
800,40,59,1,59,23660,972,92511.169527
800,40,59,2,3481,1406,0,5733.017646
800,40,61,1,61,22907,931,90340.564039
800,40,61,2,3721,1166,0,4793.278926
800,40,67,1,67,20928,833,84493.298187
800,40,67,2,4489,398,0,1673.467663
800,40,71,1,71,19783,776,81020.756423
800,40,73,1,73,19275,754,79463.599310
800,40,79,1,79,17870,691,75062.744658
800,40,83,1,83,17040,655,72402.703359
800,40,89,1,89,15955,600,68923.011457
800,40,97,1,97,14696,544,64741.309768
800,40,101,1,101,14152,519,62917.938006
800,40,103,1,103,13880,496,62031.212778
800,40,107,1,107,13439,513,60400.985514
800,40,109,1,109,13157,474,59500.365190
800,40,113,1,113,12737,449,58090.141516
800,40,127,1,127,11410,398,53344.188196
800,40,131,1,131,11098,374,52281.616094
800,40,137,1,137,10630,338,50636.443689
800,40,139,1,139,10474,326,50075.041473
800,40,149,1,149,9835,317,47627.560940
800,40,151,1,151,9725,320,47187.516865
800,40,157,1,157,9385,295,45961.274371
800,40,163,1,163,9065,275,44774.064265
800,40,167,1,167,8845,245,44014.746787
800,40,173,1,173,8645,280,43107.284188
800,40,179,1,179,8354,264,41965.951169
800,40,181,1,181,8228,237,41541.189777
800,40,191,1,191,7868,236,40085.350803
800,40,193,1,193,7796,228,39828.039350
800,40,197,1,197,7628,231,39079.857981
800,40,199,1,199,7572,240,38810.510975
800,40,211,1,211,7148,160,37398.784637
800,40,223,1,223,6900,200,36228.050869
800,40,227,1,227,6788,200,35739.570715
800,40,229,1,229,6727,196,35487.638405
800,40,233,1,233,6565,157,34930.254410
800,40,239,1,239,6439,160,34386.714643
800,40,241,1,241,6397,160,34208.678474
800,40,251,1,251,6187,160,33301.904864
800,40,257,1,257,6007,149,32506.487705
800,40,263,1,263,5913,160,32056.602147
800,40,269,1,269,5809,139,31722.013522
800,40,271,1,271,5767,121,31629.562863
800,40,277,1,277,5641,89,31224.545194
800,40,281,1,281,5557,80,30881.268524
800,40,283,1,283,5515,80,30683.003889
800,40,293,1,293,5399,88,30167.396726
800,40,307,1,307,5253,120,29395.909488
800,40,311,1,311,5193,120,29117.969443
800,40,313,1,313,5163,120,28978.102690
800,40,317,1,317,5103,120,28696.607539
800,40,331,1,331,4862,80,27745.730071
800,40,337,1,337,4802,80,27482.431597
800,40,347,1,347,4702,80,27035.579133
800,40,349,1,349,4682,80,26945.040986
800,40,353,1,353,4642,80,26762.827276
800,40,359,1,359,4582,80,26486.717393
800,40,367,1,367,4486,80,26019.024303
800,40,373,1,373,4372,80,25415.414577
800,40,379,1,379,4298,80,25044.527713
800,40,383,1,383,4274,80,24946.058745
800,40,389,1,389,4238,80,24796.562911
800,40,397,1,397,4190,80,24593.978114
800,40,401,1,401,4162,74,24503.314315
800,40,409,1,409,4082,26,24391.628673
800,40,419,1,419,3982,2,24030.726261
800,40,421,1,421,3962,0,23940.911287
800,40,431,1,431,3862,0,23427.309444
800,40,433,1,433,3842,0,23323.774351
800,40,439,1,439,3782,0,23011.576780
800,40,443,1,443,3742,0,22802.138080
800,40,449,1,449,3734,0,22803.623463
800,40,457,1,457,3742,0,22918.565249
800,40,461,1,461,3746,10,22914.375089
800,40,463,1,463,3748,17,22899.859639
800,40,467,1,467,3752,31,22870.491168
800,40,479,1,479,3698,40,22576.080785
800,40,487,1,487,3650,40,22339.633484
800,40,491,1,491,3626,40,22220.448642
800,40,499,1,499,3578,40,21980.200367
800,40,503,1,503,3554,40,21859.153858
800,40,509,1,509,3518,40,21676.454202
800,40,521,1,521,3446,40,21307.084642
800,40,523,1,523,3434,40,21245.019489
800,40,541,1,541,3281,6,20610.948138
800,40,547,1,547,3245,-2,20470.545261
800,40,557,1,557,3215,0,20327.047246
800,40,563,1,563,3197,0,20247.494971
800,40,569,1,569,3179,0,20167.195900
800,40,571,1,571,3173,0,20140.265962
800,40,577,1,577,3155,0,20058.992351
800,40,587,1,587,3125,0,19921.952562
800,40,593,1,593,3107,0,19838.798998
800,40,599,1,599,3089,0,19754.963077
800,40,601,1,601,3083,0,19726.868183
800,40,607,1,607,3065,0,19642.140745
800,40,613,1,613,3047,0,19556.757960
800,40,617,1,617,3035,0,19499.477488
800,40,619,1,619,3029,0,19470.730871
800,40,631,1,631,2993,0,19296.786447
800,40,641,1,641,2963,0,19149.956281
800,40,643,1,643,2957,0,19120.389950
800,40,647,1,647,2945,0,19061.059837
800,40,653,1,653,2927,0,18971.576257
800,40,659,1,659,2901,0,18829.588974
800,40,661,1,661,2885,0,18734.479828
800,40,673,1,673,2789,0,18161.257724
800,40,677,1,677,2757,0,17969.219699
800,40,683,1,683,2709,0,17680.274575
800,40,691,1,691,2645,0,17293.379834
800,40,701,1,701,2585,0,16938.232888
800,40,709,1,709,2577,0,16915.055692
800,40,719,1,719,2567,0,16885.370105
800,40,727,1,727,2559,0,16861.062856
800,40,733,1,733,2553,0,16842.512977
800,40,739,1,739,2547,0,16823.693805
800,40,743,1,743,2543,0,16811.000042
800,40,751,1,751,2535,0,16785.263327
800,40,757,1,757,2529,0,16765.659668
800,40,761,1,761,2525,0,16752.449229
800,40,769,1,769,2517,0,16725.693970
800,40,773,1,773,2513,0,16712.151249
800,40,787,1,787,2499,0,16663.902393
800,40,797,1,797,2489,0,16628.647296
800,40,809,1,809,2459,-27,16645.756108
800,40,811,1,811,2453,-33,16651.894383
800,40,821,1,821,2423,-61,16668.939404
800,40,823,1,823,2417,-63,16648.131378
800,40,827,1,827,2405,-67,16606.413206
800,40,829,1,829,2399,-69,16585.503343
800,40,839,1,839,2369,-79,16480.451809
800,40,853,1,853,2327,-80,16244.264231
800,40,857,1,857,2315,-80,16174.483815
800,40,859,1,859,2309,-80,16139.531955
800,40,863,1,863,2297,-80,16069.505721
800,40,877,1,877,2255,-80,15823.143827
800,40,881,1,881,2243,-80,15752.396865
800,40,883,1,883,2237,-80,15716.964490
800,40,887,1,887,2225,-80,15645.982684
800,40,907,1,907,2165,-80,15288.769801
800,40,911,1,911,2153,-80,15216.874290
800,40,919,1,919,2129,-80,15072.639044
800,40,929,1,929,2099,-80,14891.522942
800,40,937,1,937,2075,-80,14745.982473
800,40,941,1,941,2063,-80,14672.999148
800,40,947,1,947,2045,-80,14563.260573
800,40,953,1,953,2027,-80,14453.208602
800,40,967,1,967,1985,-80,14195.219893
800,40,971,1,971,1973,-80,14121.204239
800,40,977,1,977,1955,-80,14009.930337
800,40,983,1,983,1965,-80,14091.295651
800,40,991,1,991,1981,-80,14218.250655
800,40,997,1,997,1993,-80,14313.548346
800,40,1009,1,1009,2017,-80,14504.351398
800,40,1013,1,1013,2025,-80,14568.013516
800,40,1019,1,1019,2037,-80,14663.563579
800,40,1021,1,1021,2041,-80,14695.428712
800,40,1031,1,1031,2061,-80,14854.867080
800,40,1033,1,1033,2065,-80,14886.777196
800,40,1039,1,1039,2077,-80,14982.552179
800,40,1049,1,1049,2097,-80,15142.325108
800,40,1051,1,1051,2101,-80,15174.301766
800,40,1061,1,1061,2121,-80,15334.294672
800,40,1063,1,1063,2125,-80,15366.315084
800,40,1069,1,1069,2137,-80,15462.419746
800,40,1087,1,1087,2173,-53,15562.359751
800,40,1091,1,1091,2181,-47,15584.525768
800,40,1093,1,1093,2185,-44,15595.603037
800,40,1097,1,1097,2189,-40,15603.745512
800,40,1103,1,1103,2183,-40,15573.868990
800,40,1109,1,1109,2177,-40,15543.861410
800,40,1117,1,1117,2169,-40,15503.649574
800,40,1123,1,1123,2163,-40,15473.340977
800,40,1129,1,1129,2157,-40,15442.905378
800,40,1151,1,1151,2135,-40,15330.240439
800,40,1153,1,1153,2133,-40,15319.916237
800,40,1163,1,1163,2123,-40,15268.093884
800,40,1171,1,1171,2115,-40,15226.396799
800,40,1181,1,1181,2105,-40,15173.980571
800,40,1187,1,1187,2099,-40,15142.375420
800,40,1193,1,1193,2093,-40,15110.654958
800,40,1201,1,1201,2085,-40,15068.183372
800,40,1213,1,1213,2073,-40,15004.100084
800,40,1217,1,1217,2069,-40,14982.639892
800,40,1223,1,1223,2063,-40,14950.357671
800,40,1229,1,1229,2057,-40,14917.965962
800,40,1231,1,1231,2055,-40,14907.144554
800,40,1237,1,1237,2049,-40,14874.608294
800,40,1249,1,1249,2037,-40,14809.214606
800,40,1259,1,1259,2027,-40,14754.396961
800,40,1277,1,1277,2009,-40,14654.998886
800,40,1279,1,1279,2007,-40,14643.897792
800,40,1283,1,1283,2003,-40,14621.661853
800,40,1289,1,1289,1997,-40,14588.224020
800,40,1291,1,1291,1995,-40,14577.055815
800,40,1297,1,1297,1989,-40,14543.484835
800,40,1301,1,1301,1985,-40,14521.049169
800,40,1303,1,1303,1983,-40,14509.814920
800,40,1307,1,1307,1979,-40,14487.313732
800,40,1319,1,1319,1967,-40,14419.550710
800,40,1321,1,1321,1965,-40,14408.219331
800,40,1327,1,1327,1959,-40,14374.161393
800,40,1361,1,1361,1925,-40,14179.390880
800,40,1367,1,1367,1919,-40,14144.712346
800,40,1373,1,1373,1913,-40,14109.943401
800,40,1381,1,1381,1905,-40,14063.445333
800,40,1399,1,1399,1887,-40,13958.249502
800,40,1409,1,1409,1877,-40,13899.468276
800,40,1423,1,1423,1863,-40,13816.774504
800,40,1427,1,1427,1859,-40,13793.062944
800,40,1429,1,1429,1857,-40,13781.193148
800,40,1433,1,1433,1853,-40,13757.425635
800,40,1439,1,1439,1847,-40,13721.704895
800,40,1447,1,1447,1839,-40,13673.948478
800,40,1451,1,1451,1835,-40,13650.015474
800,40,1453,1,1453,1833,-40,13638.035348
800,40,1459,1,1459,1827,-40,13602.040726
800,40,1471,1,1471,1815,-40,13529.809272
800,40,1481,1,1481,1805,-40,13469.372342
800,40,1483,1,1483,1803,-40,13457.258577
800,40,1487,1,1487,1799,-40,13433.004826
800,40,1489,1,1489,1797,-40,13420.864880
800,40,1493,1,1493,1793,-40,13396.558948
800,40,1499,1,1499,1787,-40,13360.035241
800,40,1511,1,1511,1775,-40,13286.756437
800,40,1523,1,1523,1763,-40,13213.172547
800,40,1531,1,1531,1755,-40,13163.949130
800,40,1543,1,1543,1743,-40,13089.865709
800,40,1549,1,1549,1737,-40,13052.713321
800,40,1553,1,1553,1733,-40,13027.904398
800,40,1559,1,1559,1727,-40,12990.630369
800,40,1567,1,1567,1719,-40,12940.819188
800,40,1571,1,1571,1715,-40,12915.865705
800,40,1579,1,1579,1707,-40,12865.863634
800,40,1583,1,1583,1703,-40,12840.815315
800,40,1597,1,1597,1689,-40,12752.900234
800,40,1601,1,1601,1684,-41,12727.711905
800,40,1607,1,1607,1666,-50,12667.725412
800,40,1609,1,1609,1660,-53,12647.709636
800,40,1613,1,1613,1648,-59,12607.647790
800,40,1619,1,1619,1630,-68,12547.479593
800,40,1621,1,1621,1624,-71,12527.403494
800,40,1627,1,1627,1606,-80,12467.115379
800,40,1637,1,1637,1600,-83,12455.244432
800,40,1657,1,1657,1600,-80,12453.443549
800,40,1663,1,1663,1600,-80,12459.515845
800,40,1667,1,1667,1600,-80,12463.551883
800,40,1669,1,1669,1600,-80,12465.566272
800,40,1693,1,1693,1600,-80,12489.552402
800,40,1697,1,1697,1600,-80,12493.517006
800,40,1699,1,1699,1600,-80,12495.495804
800,40,1709,1,1709,1600,-80,12505.354988
800,40,1721,1,1721,1600,-80,12517.110138
800,40,1723,1,1723,1600,-80,12519.061357
800,40,1733,1,1733,1600,-80,12528.783607
800,40,1741,1,1741,1600,-80,12536.521099
800,40,1747,1,1747,1600,-80,12542.300921
800,40,1753,1,1753,1600,-80,12548.060927
800,40,1759,1,1759,1600,-80,12553.801251
800,40,1777,1,1777,1600,-80,12570.905471
800,40,1783,1,1783,1600,-80,12576.568398
800,40,1787,1,1787,1600,-80,12580.333105
800,40,1789,1,1789,1600,-80,12582.212300
800,40,1801,1,1801,1600,-80,12593.443540
800,40,1811,1,1811,1600,-80,12602.745889
800,40,1823,1,1823,1600,-80,12613.841141
800,40,1831,1,1831,1600,-80,12621.197475
800,40,1847,1,1847,1600,-80,12635.814207
800,40,1861,1,1861,1600,-80,12648.500351
800,40,1867,1,1867,1600,-80,12653.908081
800,40,1871,1,1871,1600,-80,12657.503588
800,40,1873,1,1873,1600,-80,12659.298460
800,40,1877,1,1877,1600,-80,12662.882461
800,40,1879,1,1879,1600,-80,12664.671599
800,40,1889,1,1889,1600,-80,12673.588817
800,40,1901,1,1901,1600,-80,12684.227375
800,40,1907,1,1907,1600,-80,12689.521497
800,40,1913,1,1913,1600,-80,12694.798989
800,40,1931,1,1931,1600,-80,12710.532714
800,40,1933,1,1933,1600,-80,12712.271845
800,40,1949,1,1949,1600,-80,12726.120455
800,40,1951,1,1951,1600,-80,12727.843532
800,40,1973,1,1973,1600,-80,12746.681650
800,40,1979,1,1979,1600,-80,12751.782869
800,40,1987,1,1987,1600,-80,12758.560487
800,40,1993,1,1993,1600,-80,12763.625818
800,40,1997,1,1997,1600,-80,12766.994240
800,40,1999,1,1999,1600,-80,12768.675922
800,40,2003,1,2003,1600,-80,12772.034244
800,40,2011,1,2011,1600,-80,12778.730815
800,40,2017,1,2017,1600,-80,12783.735784
800,40,2027,1,2027,1600,-80,12792.044406
800,40,2029,1,2029,1600,-80,12793.701211
800,40,2039,1,2039,1600,-80,12801.960815
800,40,2053,1,2053,1600,-80,12813.456461
800,40,2063,1,2063,1600,-80,12821.619742
800,40,2069,1,2069,1600,-80,12826.498739
800,40,2081,1,2081,1600,-80,12836.214428
800,40,2083,1,2083,1600,-80,12837.828261
800,40,2087,1,2087,1600,-80,12841.051284
800,40,2089,1,2089,1600,-80,12842.660479
800,40,2099,1,2099,1600,-80,12850.683417
800,40,2111,1,2111,1600,-80,12860.260640
800,40,2113,1,2113,1600,-80,12861.851550
800,40,2129,1,2129,1600,-80,12874.524877
800,40,2131,1,2131,1600,-80,12876.102342
800,40,2137,1,2137,1600,-80,12880.825869
800,40,2141,1,2141,1600,-80,12883.967525
800,40,2143,1,2143,1600,-80,12885.536152
800,40,2153,1,2153,1600,-80,12893.357396
800,40,2161,1,2161,1600,-80,12899.588279
800,40,2179,1,2179,1600,-80,12913.523843
800,40,2203,1,2203,1600,-80,12931.926583
800,40,2207,1,2207,1600,-80,12934.974203
800,40,2213,1,2213,1600,-80,12939.535291
800,40,2221,1,2221,1600,-80,12945.597544
800,40,2237,1,2237,1600,-80,12957.656815
800,40,2239,1,2239,1600,-80,12959.158156
800,40,2243,1,2243,1600,-80,12962.156818
800,40,2251,1,2251,1600,-80,12968.138133
800,40,2267,1,2267,1600,-80,12980.037253
800,40,2269,1,2269,1600,-80,12981.518734
800,40,2273,1,2273,1600,-80,12984.477784
800,40,2281,1,2281,1600,-80,12990.380293
800,40,2287,1,2287,1600,-80,12994.793606
800,40,2293,1,2293,1600,-80,12999.195355
800,40,2297,1,2297,1600,-80,13002.123461
800,40,2309,1,2309,1600,-80,13010.877280
800,40,2311,1,2311,1600,-80,13012.331825
800,40,2333,1,2333,1600,-80,13028.249257
800,40,2339,1,2339,1600,-80,13032.564328
800,40,2341,1,2341,1600,-80,13034.000225
800,40,2347,1,2347,1600,-80,13038.300569
800,40,2351,1,2351,1600,-80,13041.161362
800,40,2357,1,2357,1600,-80,13045.443437
800,40,2371,1,2371,1600,-80,13055.392705
800,40,2377,1,2377,1600,-80,13059.638705
800,40,2381,1,2381,1600,-80,13062.463422
800,40,2383,1,2383,1600,-80,13063.874002
800,40,2389,1,2389,1600,-80,13068.098648
800,40,2393,1,2393,1600,-80,13070.909188
800,40,2399,1,2399,1600,-80,13075.116202
800,40,2411,1,2411,1600,-80,13083.498755
800,40,2417,1,2417,1600,-80,13087.674400
800,40,2423,1,2423,1600,-80,13091.839691
800,40,2437,1,2437,1600,-80,13101.518730
800,40,2441,1,2441,1600,-80,13104.273958
800,40,2447,1,2447,1600,-80,13108.398347
800,40,2459,1,2459,1600,-80,13116.616871
800,40,2467,1,2467,1600,-80,13122.073636
800,40,2473,1,2473,1600,-80,13126.154609
800,40,2477,1,2477,1600,-80,13128.869762
800,40,2503,1,2503,1600,-80,13146.412090
800,40,2521,1,2521,1600,-80,13158.450358
800,40,2531,1,2531,1600,-80,13165.101198
800,40,2539,1,2539,1600,-80,13170.402977
800,40,2543,1,2543,1600,-80,13173.047606
800,40,2549,1,2549,1600,-80,13177.006759
800,40,2551,1,2551,1600,-80,13178.324406
800,40,2557,1,2557,1600,-80,13182.271158
800,40,2579,1,2579,1600,-80,13196.663770
800,40,2591,1,2591,1600,-80,13204.462623
800,40,2593,1,2593,1600,-80,13205.758920
800,40,2609,1,2609,1600,-80,13216.093439
800,40,2617,1,2617,1600,-80,13221.236956
800,40,2621,1,2621,1600,-80,13223.802822
800,40,2633,1,2633,1600,-80,13231.476988
800,40,2647,1,2647,1600,-80,13240.386100
800,40,2657,1,2657,1600,-80,13246.720949
800,40,2659,1,2659,1600,-80,13247.985057
800,40,2663,1,2663,1600,-80,13250.510424
800,40,2671,1,2671,1600,-80,13255.549798
800,40,2677,1,2677,1600,-80,13259.319433
800,40,2683,1,2683,1600,-80,13263.080629
800,40,2687,1,2687,1600,-80,13265.583422
800,40,2689,1,2689,1600,-80,13266.833423
800,40,2693,1,2693,1600,-80,13269.330636
800,40,2699,1,2699,1600,-80,13273.069510
800,40,2707,1,2707,1600,-80,13278.041767
800,40,2711,1,2711,1600,-80,13280.522387
800,40,2713,1,2713,1600,-80,13281.761325
800,40,2719,1,2719,1600,-80,13285.472667
800,40,2729,1,2729,1600,-80,13291.640075
800,40,2731,1,2731,1600,-80,13292.870844
800,40,2741,1,2741,1600,-80,13299.011202
800,40,2749,1,2749,1600,-80,13303.907380
800,40,2753,1,2753,1600,-80,13306.350129
800,40,2767,1,2767,1600,-80,13314.871886
800,40,2777,1,2777,1600,-80,13320.932499
800,40,2789,1,2789,1600,-80,13328.176491
800,40,2791,1,2791,1600,-80,13329.380792
800,40,2797,1,2797,1600,-80,13332.988525
800,40,2801,1,2801,1600,-80,13335.389382
800,40,2803,1,2803,1600,-80,13336.588526
800,40,2819,1,2819,1600,-80,13346.150985
800,40,2833,1,2833,1600,-80,13354.473720
800,40,2837,1,2837,1600,-80,13356.844090
800,40,2843,1,2843,1600,-80,13360.393388
800,40,2851,1,2851,1600,-80,13365.114149
800,40,2857,1,2857,1600,-80,13368.646036
800,40,2861,1,2861,1600,-80,13370.996508
800,40,2879,1,2879,1600,-80,13381.533128
800,40,2887,1,2887,1600,-80,13386.194942
800,40,2897,1,2897,1600,-80,13392.004076
800,40,2903,1,2903,1600,-80,13395.479940
800,40,2909,1,2909,1600,-80,13398.948626
800,40,2917,1,2917,1600,-80,13403.562429
800,40,2927,1,2927,1600,-80,13409.311922
800,40,2939,1,2939,1600,-80,13416.185440
800,40,2953,1,2953,1600,-80,13424.169161
800,40,2957,1,2957,1600,-80,13426.443273
800,40,2963,1,2963,1600,-80,13429.848680
800,40,2969,1,2969,1600,-80,13433.247198
800,40,2971,1,2971,1600,-80,13434.378511
800,40,2999,1,2999,1600,-80,13450.137420
800,40,3001,1,3001,1600,-80,13451.257420
800,40,3011,1,3011,1600,-80,13456.846248
800,40,3019,1,3019,1600,-80,13461.303962
800,40,3023,1,3023,1600,-80,13463.528391
800,40,3037,1,3037,1600,-80,13471.290781
800,40,3041,1,3041,1600,-80,13473.502035
800,40,3049,1,3049,1600,-80,13477.915831
800,40,3061,1,3061,1600,-80,13484.514857
800,40,3067,1,3067,1600,-80,13487.804676
800,40,3079,1,3079,1600,-80,13494.365049
800,40,3083,1,3083,1600,-80,13496.546159
800,40,3089,1,3089,1600,-80,13499.812524
800,40,3109,1,3109,1600,-80,13510.654769
800,40,3119,1,3119,1600,-80,13516.049764
800,40,3121,1,3121,1600,-80,13517.126687
800,40,3137,1,3137,1600,-80,13525.717310
800,40,3163,1,3163,1600,-80,13539.584055
800,40,3167,1,3167,1600,-80,13541.707278
800,40,3169,1,3169,1600,-80,13542.767884
800,40,3181,1,3181,1600,-80,13549.117498
800,40,3187,1,3187,1600,-80,13552.283328
800,40,3191,1,3191,1600,-80,13554.390572
800,40,3203,1,3203,1600,-80,13560.696491
800,40,3209,1,3209,1600,-78,13547.693168
800,40,3217,1,3217,1600,-70,13487.261560
800,40,3221,1,3221,1600,-66,13457.026951
800,40,3229,1,3229,1600,-58,13396.520244
800,40,3251,1,3251,1600,-36,13229.870518
800,40,3253,1,3253,1600,-34,13214.702002
800,40,3257,1,3257,1600,-30,13184.355743
800,40,3259,1,3259,1600,-28,13169.178005
800,40,3271,1,3271,1600,-16,13078.047261
800,40,3299,1,3299,1588,0,12864.982978
800,40,3301,1,3301,1586,0,12849.741441
800,40,3307,1,3307,1580,0,12803.998807
800,40,3313,1,3313,1574,0,12758.229199
800,40,3319,1,3319,1568,0,12712.432697
800,40,3323,1,3323,1564,0,12681.886792
800,40,3329,1,3329,1558,0,12636.045636
800,40,3331,1,3331,1556,0,12620.759316
800,40,3343,1,3343,1544,0,12528.979281
800,40,3347,1,3347,1540,0,12498.362340
800,40,3359,1,3359,1528,0,12406.441045
800,40,3361,1,3361,1526,0,12391.110581
800,40,3371,1,3371,1516,0,12314.414508
800,40,3373,1,3373,1514,0,12299.066562
800,40,3389,1,3389,1498,0,12176.178677
800,40,3391,1,3391,1496,0,12160.804693
800,40,3407,1,3407,1480,0,12037.709378
800,40,3413,1,3413,1474,0,11991.501403
800,40,3433,1,3433,1454,0,11837.289960
800,40,3449,1,3449,1438,0,11713.717363
800,40,3457,1,3457,1430,0,11651.863709
800,40,3461,1,3461,1426,0,11620.920115
800,40,3463,1,3463,1424,0,11605.444135
800,40,3467,1,3467,1420,0,11574.483823
800,40,3469,1,3469,1418,0,11558.999495
800,40,3491,1,3491,1396,0,11388.489136
800,40,3499,1,3499,1388,0,11326.402699
800,40,3511,1,3511,1376,0,11233.190898
800,40,3517,1,3517,1370,0,11186.548176
800,40,3527,1,3527,1360,0,11108.755985
800,40,3529,1,3529,1358,0,11093.189421
800,40,3533,1,3533,1354,0,11062.048185
800,40,3539,1,3539,1348,0,11015.316100
800,40,3541,1,3541,1346,0,10999.733353
800,40,3547,1,3547,1340,0,10952.968989
800,40,3557,1,3557,1330,0,10874.974787
800,40,3559,1,3559,1328,0,10859.367928
800,40,3571,1,3571,1316,0,10765.670847
800,40,3581,1,3581,1306,0,10687.516965
800,40,3583,1,3583,1304,0,10671.878255
800,40,3593,1,3593,1294,0,10593.645167
800,40,3607,1,3607,1280,0,10484.008552
800,40,3613,1,3613,1274,0,10436.982213
800,40,3617,1,3617,1270,0,10405.618295
800,40,3623,1,3623,1264,0,10358.552921
800,40,3631,1,3631,1256,0,10295.762794
800,40,3637,1,3637,1250,0,10248.643056
800,40,3643,1,3643,1244,0,10201.500119
800,40,3659,1,3659,1228,0,10075.672663
800,40,3671,1,3671,1216,0,9981.194770
800,40,3673,1,3673,1214,0,9965.439552
800,40,3677,1,3677,1210,0,9933.921502
800,40,3691,1,3691,1196,0,9823.528633
800,40,3697,1,3697,1190,0,9776.179581
800,40,3701,1,3701,1186,0,9744.600982
800,40,3709,1,3709,1178,0,9681.413706
800,40,3719,1,3719,1168,0,9602.373390
800,40,3727,1,3727,1160,0,9539.096323
800,40,3733,1,3733,1154,0,9491.612471
800,40,3739,1,3739,1148,0,9444.106349
800,40,3761,1,3761,1126,0,9269.727618
800,40,3767,1,3767,1120,0,9222.118313
800,40,3769,1,3769,1118,0,9206.243662
800,40,3779,1,3779,1108,0,9126.833891
800,40,3793,1,3793,1094,0,9015.558321
800,40,3797,1,3797,1090,0,8983.743551
800,40,3803,1,3803,1084,0,8936.003331
800,40,3821,1,3821,1066,0,8792.653099
800,40,3823,1,3823,1064,0,8776.713341
800,40,3833,1,3833,1054,0,8696.978831
800,40,3847,1,3847,1040,0,8585.250859
800,40,3851,1,3851,1036,0,8553.307307
800,40,3853,1,3853,1034,0,8537.331994
800,40,3863,1,3863,1024,0,8457.420147
800,40,3877,1,3877,1010,0,8345.445107
800,40,3881,1,3881,1006,0,8313.431220
800,40,3889,1,3889,998,0,8249.375519
800,40,3907,1,3907,980,0,8105.114593
800,40,3911,1,3911,976,0,8073.031214
800,40,3917,1,3917,970,0,8024.888894
800,40,3919,1,3919,968,0,8008.836861
800,40,3923,1,3923,964,0,7976.725916
800,40,3929,1,3929,958,0,7928.542330
800,40,3931,1,3931,956,0,7912.476564
800,40,3943,1,3943,944,0,7816.034094
800,40,3947,1,3947,940,0,7783.868411
800,40,3967,1,3967,920,0,7622.904187
800,40,3989,1,3989,898,0,7445.583675
800,40,4001,1,4001,886,0,7348.749453
800,40,4003,1,4003,884,0,7332.602633
800,40,4007,1,4007,880,0,7300.302337
800,40,4013,1,4013,874,0,7251.835280
800,40,4019,1,4019,868,0,7203.348326
800,40,4021,1,4021,866,0,7187.181595
800,40,4027,1,4027,860,0,7138.668186
800,40,4049,1,4049,838,0,6960.616731
800,40,4051,1,4051,836,0,6944.417120
800,40,4057,1,4057,830,0,6895.805222
800,40,4073,1,4073,814,0,6766.077978
800,40,4079,1,4079,808,0,6717.394569
800,40,4091,1,4091,796,0,6619.969595
800,40,4093,1,4093,794,0,6603.724580
800,40,4099,1,4099,788,0,6554.976677
800,40,4111,1,4111,776,0,6457.423151
800,40,4127,1,4127,760,0,6327.232583
800,40,4129,1,4129,758,0,6310.949219
800,40,4133,1,4133,754,0,6278.376146
800,40,4139,1,4139,748,0,6229.500700
800,40,4153,1,4153,734,0,6115.384303
800,40,4157,1,4157,730,0,6082.760726
800,40,4159,1,4159,728,0,6066.445796
800,40,4177,1,4177,710,0,5919.517481
800,40,4201,1,4201,686,0,5723.351420
800,40,4211,1,4211,676,0,5641.527869
800,40,4217,1,4217,670,0,5592.409100
800,40,4219,1,4219,668,0,5576.032079
800,40,4229,1,4229,658,0,5494.116311
800,40,4231,1,4231,656,0,5477.727035
800,40,4241,1,4241,646,0,5395.750123
800,40,4243,1,4243,644,0,5379.348644
800,40,4253,1,4253,634,0,5297.310854
800,40,4259,1,4259,628,0,5248.063913
800,40,4261,1,4261,626,0,5231.644230
800,40,4271,1,4271,616,0,5149.515615
800,40,4273,1,4273,614,0,5133.083861
800,40,4283,1,4283,604,0,5050.895022
800,40,4289,1,4289,598,0,5001.557713
800,40,4297,1,4297,590,0,4935.746706
800,40,4327,1,4327,560,0,4688.672655
800,40,4337,1,4337,550,0,4606.215979
800,40,4339,1,4339,548,0,4589.718754
800,40,4349,1,4349,538,0,4507.203252
800,40,4357,1,4357,530,0,4441.155684
800,40,4363,1,4363,524,0,4391.599551
800,40,4373,1,4373,514,0,4308.967139
800,40,4391,1,4391,496,0,4160.106886
800,40,4397,1,4397,490,0,4110.452107
800,40,4409,1,4409,478,0,4011.090723
800,40,4421,1,4421,466,0,3911.660476
800,40,4423,1,4423,464,0,3895.082094
800,40,4441,1,4441,446,0,3745.791145
800,40,4447,1,4447,440,0,3695.993396
800,40,4451,1,4451,436,0,3662.785454
800,40,4457,1,4457,430,0,3612.959404
800,40,4463,1,4463,424,0,3563.116421
800,40,4481,1,4481,406,0,3413.486215
800,40,4483,1,4483,404,0,3396.851289
800,40,4493,1,4493,394,0,3313.648708
800,40,4507,1,4507,380,0,3197.087069
800,40,4513,1,4513,374,0,3147.104308
800,40,4517,1,4517,370,0,3113.773234
800,40,4519,1,4519,368,0,3097.104931
800,40,4523,1,4523,364,0,3063.762800
800,40,4547,1,4547,340,0,2863.555804
800,40,4549,1,4549,338,0,2846.859995
800,40,4561,1,4561,326,0,2746.646880
800,40,4567,1,4567,320,0,2696.515780
800,40,4583,1,4583,304,0,2562.753162
800,40,4591,1,4591,296,0,2495.828531
800,40,4597,1,4597,290,0,2445.616167
800,40,4603,1,4603,284,0,2395.387646
800,40,4621,1,4621,266,0,2244.605465
800,40,4637,1,4637,250,0,2110.455721
800,40,4639,1,4639,248,0,2093.679018
800,40,4643,1,4643,244,0,2060.120301
800,40,4649,1,4649,238,0,2009.768966
800,40,4651,1,4651,236,0,1992.981657
800,40,4657,1,4657,230,0,1942.609151
800,40,4663,1,4663,224,0,1892.220802
800,40,4673,1,4673,214,0,1808.205100
800,40,4679,1,4679,208,0,1757.774656
800,40,4691,1,4691,196,0,1656.866607
800,40,4703,1,4703,184,0,1555.895882
800,40,4721,1,4721,166,0,1404.322803
800,40,4723,1,4723,164,0,1387.472713
800,40,4729,1,4729,158,0,1336.912109
800,40,4733,1,4733,154,0,1303.196438
800,40,4751,1,4751,136,0,1151.391015
800,40,4759,1,4759,128,0,1083.877484
800,40,4783,1,4783,104,0,881.173617
800,40,4787,1,4787,100,0,847.365919
800,40,4789,1,4789,98,0,830.459536
800,40,4793,1,4793,94,0,796.641709
800,40,4799,1,4799,88,0,745.902330
800,40,4801,1,4801,86,0,728.985838
800,40,4813,1,4813,74,0,627.451614
800,40,4817,1,4817,70,0,593.593462
800,40,4831,1,4831,56,0,475.037291
800,40,4861,1,4861,26,0,220.713986
800,40,4871,1,4871,16,0,135.856873
800,40,4877,1,4877,10,0,84.922856
1200,60,3,1,3,1011600,47190,1059512.677314
1200,60,3,2,9,338001,15630,354160.742110
1200,60,3,3,27,113470,5111,119044.528988
1200,60,3,4,81,38625,1602,40673.922763
1200,60,3,5,243,13665,435,14534.640579
1200,60,3,6,729,5478,60,5952.281380
1200,60,3,7,2187,2739,-60,3075.015796
1200,60,3,8,6561,766,0,841.537013
1200,60,5,1,5,607440,28254,932163.906751
1200,60,5,2,25,122448,5529,188173.871284
1200,60,5,3,125,25458,994,39373.289090
1200,60,5,4,625,6002,10,9643.751971
1200,60,5,5,3125,2400,-120,4055.783539
1200,60,7,1,7,434229,20139,805781.933622
1200,60,7,2,49,63074,2755,117375.354281
1200,60,7,3,343,10099,299,19069.919461
1200,60,7,4,2401,2524,-61,5030.177735
1200,60,11,1,11,276763,12761,633049.147809
1200,60,11,2,121,26250,1007,60530.070371
1200,60,11,3,1331,3333,-120,8279.932377
1200,60,13,1,13,234372,10775,573514.981480
1200,60,13,2,169,19137,677,47348.965139
1200,60,13,3,2197,2729,-60,7153.643758
1200,60,17,1,17,179503,8204,485326.612623
1200,60,17,2,289,11700,344,32173.970735
1200,60,17,3,4913,2400,-14,6839.377013
1200,60,19,1,19,160737,7326,451709.328233
1200,60,19,2,361,9597,240,27551.115528
1200,60,19,3,6859,468,0,1377.997442
1200,60,23,1,23,132988,6021,398104.294114
1200,60,23,2,529,6962,120,21453.051425
1200,60,29,1,29,105723,4747,340016.063729
1200,60,29,2,841,4803,0,16173.121871
1200,60,31,1,31,98985,4431,324697.226133
1200,60,31,2,961,4443,0,15257.205150
1200,60,37,1,37,83136,3695,286854.929898
1200,60,37,2,1369,3219,-120,12056.854910
1200,60,41,1,41,75125,3308,266697.605115
1200,60,41,2,1681,3245,-60,12273.355680
1200,60,43,1,43,71692,3149,257803.939530
1200,60,43,2,1849,3077,-60,11798.884763
1200,60,47,1,47,65710,2880,241904.773815
1200,60,47,2,2209,2717,-60,10691.859890
1200,60,53,1,53,58405,2532,221832.120086
1200,60,53,2,2809,2400,-120,10005.135622
1200,60,59,1,59,52580,2257,205193.916790
1200,60,59,2,3481,2400,-120,10275.394359
1200,60,61,1,61,50900,2178,200289.996410
1200,60,61,2,3721,2400,-120,10359.402138
1200,60,67,1,67,46434,1972,186949.043243
1200,60,67,2,4489,2400,-120,10595.825401
1200,60,71,1,71,43883,1854,179156.172552
1200,60,71,2,5041,2286,0,9744.486199
1200,60,73,1,73,42736,1801,175629.957223
1200,60,73,2,5329,1998,0,8572.337963
1200,60,79,1,79,39555,1632,165702.570909
1200,60,79,2,6241,1086,0,4745.220368
1200,60,83,1,83,37742,1573,159825.045943
1200,60,83,2,6889,438,0,1935.452186
1200,60,89,1,89,35285,1463,151814.659297
1200,60,97,1,97,32464,1319,142479.373425
1200,60,101,1,101,31212,1245,138301.316528
1200,60,103,1,103,30612,1224,136205.415506
1200,60,107,1,107,29515,1161,132493.388772
1200,60,109,1,109,29009,1147,130710.334695
1200,60,113,1,113,28015,1106,127209.278814
1200,60,127,1,127,25105,998,116778.818093
1200,60,131,1,131,24333,921,114138.119731
1200,60,137,1,137,23307,867,110404.371976
1200,60,139,1,139,23005,869,109229.514984
1200,60,149,1,149,21544,788,103861.909526
1200,60,151,1,151,21272,784,102794.029297
1200,60,157,1,157,20508,750,99901.304622
1200,60,163,1,163,19767,716,97041.035076
1200,60,167,1,167,19347,691,95481.292564
1200,60,173,1,173,18717,672,92991.146823
1200,60,179,1,179,18099,613,90706.628201
1200,60,181,1,181,17971,640,90095.152049
1200,60,191,1,191,17058,594,86473.429719
1200,60,193,1,193,16902,582,85887.103883
1200,60,197,1,197,16590,558,84700.322179
1200,60,199,1,199,16422,564,83941.227910
1200,60,211,1,211,15556,503,80561.520483
1200,60,223,1,223,14765,477,77257.670271
1200,60,227,1,227,14545,480,76301.921996
1200,60,229,1,229,14435,475,75854.759170
1200,60,233,1,233,14215,455,75006.289121
1200,60,239,1,239,13875,466,73433.899768
1200,60,241,1,241,13775,465,73002.647185
1200,60,251,1,251,13225,365,71057.324797
1200,60,257,1,257,13021,398,70045.987420
1200,60,263,1,263,12795,420,68955.406148
1200,60,269,1,269,12484,389,67668.034136
1200,60,271,1,271,12358,362,67203.017375
1200,60,277,1,277,12132,360,66205.934083
1200,60,281,1,281,11988,360,65562.788095
1200,60,283,1,283,11916,360,65238.784349
1200,60,293,1,293,11502,328,63470.248733
1200,60,307,1,307,11052,276,61712.511328
1200,60,311,1,311,10908,256,61140.274101
1200,60,313,1,313,10836,248,60840.799381
1200,60,317,1,317,10692,240,60192.041341
1200,60,331,1,331,10436,300,58810.271853
1200,60,337,1,337,10268,300,58014.586650
1200,60,347,1,347,9931,257,56586.367921
1200,60,349,1,349,9849,237,56278.951316
1200,60,353,1,353,9765,240,55878.108242
1200,60,359,1,359,9639,240,55297.347129
1200,60,367,1,367,9471,240,54512.395219
1200,60,373,1,373,9345,240,53915.971511
1200,60,379,1,379,9219,240,53313.137585
1200,60,383,1,383,9083,231,52652.005724
1200,60,389,1,389,8943,240,51901.031028
1200,60,397,1,397,8823,240,51360.125097
1200,60,401,1,401,8757,231,51104.515129
1200,60,409,1,409,8589,159,50695.618765
1200,60,419,1,419,8379,123,49848.662315
1200,60,421,1,421,8337,120,49652.313994
1200,60,431,1,431,8127,120,48571.327477
1200,60,433,1,433,8119,120,48559.831086
1200,60,439,1,439,8095,131,48456.953326
1200,60,443,1,443,8079,153,48297.633997
1200,60,449,1,449,8043,180,48019.520966
1200,60,457,1,457,7923,180,47423.423496
1200,60,461,1,461,7863,180,47122.897164
1200,60,463,1,463,7833,180,46972.025145
1200,60,467,1,467,7773,180,46669.078053
1200,60,479,1,479,7593,180,45750.816529
1200,60,487,1,487,7404,128,45025.809760
1200,60,491,1,491,7342,117,44769.308823
1200,60,499,1,499,7262,120,44370.432736
1200,60,503,1,503,7222,120,44178.631388
1200,60,509,1,509,7162,120,43888.898933
1200,60,521,1,521,7042,120,43302.301789
1200,60,523,1,523,7022,120,43203.631265
1200,60,541,1,541,6842,120,42304.364392
1200,60,547,1,547,6782,120,42000.237922
1200,60,557,1,557,6596,120,40944.932494
1200,60,563,1,563,6482,120,40292.324994
1200,60,569,1,569,6438,120,40080.636583
1200,60,571,1,571,6426,120,40026.636356
1200,60,577,1,577,6390,120,39863.671011
1200,60,587,1,587,6330,120,39588.904131
1200,60,593,1,593,6294,120,39422.190219
1200,60,599,1,599,6258,120,39254.115689
1200,60,601,1,601,6242,114,39210.589759
1200,60,607,1,607,6182,78,39117.659741
1200,60,613,1,613,6122,42,39023.658810
1200,60,617,1,617,6082,26,38909.006809
1200,60,619,1,619,6062,22,38825.755847
1200,60,631,1,631,5942,0,38309.891435
1200,60,641,1,641,5842,0,37757.018087
1200,60,643,1,643,5822,0,37645.894585
1200,60,647,1,647,5782,0,37423.106275
1200,60,653,1,653,5722,0,37087.584334
1200,60,659,1,659,5662,0,36750.476652
1200,60,661,1,661,5642,0,36637.759164
1200,60,673,1,673,5598,0,36452.750355
1200,60,677,1,677,5602,0,36511.994471
1200,60,683,1,683,5608,0,36600.583172
1200,60,691,1,691,5616,15,36620.121153
1200,60,701,1,701,5626,50,36536.783978
1200,60,709,1,709,5598,60,36350.631906
1200,60,719,1,719,5538,60,36033.524518
1200,60,727,1,727,5490,60,35777.870773
1200,60,733,1,733,5454,60,35585.003916
1200,60,739,1,739,5418,60,35391.186260
1200,60,743,1,743,5394,60,35261.452703
1200,60,751,1,751,5346,60,35000.750275
1200,60,757,1,757,5310,60,34804.157081
1200,60,761,1,761,5286,60,34672.593928
1200,60,769,1,769,5238,60,34408.281040
1200,60,773,1,773,5214,60,34275.538216
1200,60,787,1,787,5130,60,33807.917219
1200,60,797,1,797,5070,60,33471.081941
1200,60,809,1,809,4945,20,32976.809667
1200,60,811,1,811,4921,11,32888.496146
1200,60,821,1,821,4863,0,32633.273881
1200,60,823,1,823,4857,0,32604.828267
1200,60,827,1,827,4845,0,32547.763747
1200,60,829,1,829,4839,0,32519.145331
1200,60,839,1,839,4809,0,32375.201287
1200,60,853,1,853,4767,0,32171.336763
1200,60,857,1,857,4755,0,32112.597303
1200,60,859,1,859,4749,0,32083.146611
1200,60,863,1,863,4737,0,32024.084392
1200,60,877,1,877,4695,0,31815.700329
1200,60,881,1,881,4683,0,31755.692862
1200,60,883,1,883,4677,0,31725.611963
1200,60,887,1,887,4665,0,31665.296842
1200,60,907,1,907,4605,0,31360.705983
1200,60,911,1,911,4593,0,31299.195527
1200,60,919,1,919,4569,0,31175.594293
1200,60,929,1,929,4539,0,31020.019565
1200,60,937,1,937,4515,0,30894.715019
1200,60,941,1,941,4503,0,30831.784958
1200,60,947,1,947,4485,0,30737.046433
1200,60,953,1,953,4467,0,30641.899775
1200,60,967,1,967,4425,0,30418.328342
1200,60,971,1,971,4413,0,30354.054705
1200,60,977,1,977,4395,0,30257.318836
1200,60,983,1,983,4377,0,30160.196119
1200,60,991,1,991,4325,0,29836.940361
1200,60,997,1,997,4277,0,29531.619043
1200,60,1009,1,1009,4181,0,28918.785500
1200,60,1013,1,1013,4149,0,28713.866071
1200,60,1019,1,1019,4101,0,28405.892413
1200,60,1021,1,1021,4085,0,28303.076987
1200,60,1031,1,1031,4005,0,27787.829358
1200,60,1033,1,1033,3989,0,27684.547429
1200,60,1039,1,1039,3941,0,27374.241139
1200,60,1049,1,1049,3877,0,26966.832543
1200,60,1051,1,1051,3875,0,26960.302312
1200,60,1061,1,1061,3865,0,26927.327991
1200,60,1063,1,1063,3863,0,26920.669012
1200,60,1069,1,1069,3857,0,26900.565160
1200,60,1087,1,1087,3839,0,26839.128070
1200,60,1091,1,1091,3835,0,26825.249696
1200,60,1093,1,1093,3833,0,26818.280144
1200,60,1097,1,1097,3829,0,26804.280648
1200,60,1103,1,1103,3823,0,26783.131421
1200,60,1109,1,1109,3817,0,26761.803790
1200,60,1117,1,1117,3809,0,26733.092453
1200,60,1123,1,1123,3803,0,26711.355305
1200,60,1129,1,1129,3797,0,26689.445481
1200,60,1151,1,1151,3775,0,26607.658693
1200,60,1153,1,1153,3773,0,26600.112269
1200,60,1163,1,1163,3763,0,26562.106928
1200,60,1171,1,1171,3755,0,26531.378180
1200,60,1181,1,1181,3745,0,26492.567477
1200,60,1187,1,1187,3739,0,26469.070451
1200,60,1193,1,1193,3733,0,26445.417234
1200,60,1201,1,1201,3723,-3,26420.729997
1200,60,1213,1,1213,3687,-39,26457.774213
1200,60,1217,1,1217,3675,-51,26470.040890
1200,60,1223,1,1223,3657,-69,26488.365518
1200,60,1229,1,1229,3639,-87,26506.600464
1200,60,1231,1,1231,3633,-91,26498.427838
1200,60,1237,1,1237,3615,-97,26431.089510
1200,60,1249,1,1249,3579,-109,26295.803305
1200,60,1259,1,1259,3549,-119,26182.451889
1200,60,1277,1,1277,3495,-120,25855.451915
1200,60,1279,1,1279,3489,-120,25818.186190
1200,60,1283,1,1283,3477,-120,25743.572044
1200,60,1289,1,1289,3459,-120,25631.445149
1200,60,1291,1,1291,3453,-120,25594.014952
1200,60,1297,1,1297,3435,-120,25481.561650
1200,60,1301,1,1301,3423,-120,25406.457879
1200,60,1303,1,1303,3417,-120,25368.865729
1200,60,1307,1,1307,3405,-120,25293.601241
1200,60,1319,1,1319,3369,-120,25067.171114
1200,60,1321,1,1321,3363,-120,25029.340613
1200,60,1327,1,1327,3345,-120,24915.692459
1200,60,1361,1,1361,3243,-120,24267.323934
1200,60,1367,1,1367,3225,-120,24152.150484
1200,60,1373,1,1373,3207,-120,24036.754581
1200,60,1381,1,1381,3183,-120,23882.550096
1200,60,1399,1,1399,3129,-120,23534.173655
1200,60,1409,1,1409,3099,-120,23339.795713
1200,60,1423,1,1423,3057,-120,23066.680294
1200,60,1427,1,1427,3045,-120,22988.438239
1200,60,1429,1,1429,3039,-120,22949.282632
1200,60,1433,1,1433,3027,-120,22870.902521
1200,60,1439,1,1439,3009,-120,22753.160899
1200,60,1447,1,1447,2985,-120,22595.854191
1200,60,1451,1,1451,2973,-120,22517.065526
1200,60,1453,1,1453,2967,-120,22477.637543
1200,60,1459,1,1459,2949,-120,22359.219597
1200,60,1471,1,1471,2941,-120,22326.008723
1200,60,1481,1,1481,2961,-120,22492.756741
1200,60,1483,1,1483,2965,-120,22526.121925
1200,60,1487,1,1487,2973,-120,22592.867822
1200,60,1489,1,1489,2977,-120,22626.248521
1200,60,1493,1,1493,2985,-120,22693.025386
1200,60,1499,1,1499,2997,-120,22793.229254
1200,60,1511,1,1511,3021,-120,22993.775188
1200,60,1523,1,1523,3045,-120,23194.504222
1200,60,1531,1,1531,3061,-120,23328.424615
1200,60,1543,1,1543,3085,-120,23529.455747
1200,60,1549,1,1549,3097,-120,23630.038692
1200,60,1553,1,1553,3105,-120,23697.118830
1200,60,1559,1,1559,3117,-120,23797.776176
1200,60,1567,1,1567,3133,-120,23932.055042
1200,60,1571,1,1571,3141,-120,23999.223968
1200,60,1579,1,1579,3157,-120,24133.620566
1200,60,1583,1,1583,3165,-120,24200.848142
1200,60,1597,1,1597,3193,-120,24436.297557
1200,60,1601,1,1601,3201,-120,24503.612311
1200,60,1607,1,1607,3213,-113,24552.945640
1200,60,1609,1,1609,3217,-110,24564.465825
1200,60,1613,1,1613,3225,-104,24587.498239
1200,60,1619,1,1619,3237,-95,24622.027094
1200,60,1621,1,1621,3241,-92,24633.531473
1200,60,1627,1,1627,3253,-83,24668.029006
1200,60,1637,1,1637,3273,-68,24725.473349
1200,60,1657,1,1657,3269,-60,24677.091414
1200,60,1663,1,1663,3263,-60,24644.625686
1200,60,1667,1,1667,3259,-60,24622.933750
1200,60,1669,1,1669,3257,-60,24612.073407
1200,60,1693,1,1693,3233,-60,24481.009559
1200,60,1697,1,1697,3229,-60,24459.034185
1200,60,1699,1,1699,3227,-60,24448.032565
1200,60,1709,1,1709,3217,-60,24392.885890
1200,60,1721,1,1721,3205,-60,24326.407500
1200,60,1723,1,1723,3203,-60,24315.295958
1200,60,1733,1,1733,3193,-60,24259.603019
1200,60,1741,1,1741,3185,-60,24214.887480
1200,60,1747,1,1747,3179,-60,24181.257550
1200,60,1753,1,1753,3173,-60,24147.548200
1200,60,1759,1,1759,3167,-60,24113.759903
1200,60,1777,1,1777,3149,-60,24011.925987
1200,60,1783,1,1783,3143,-60,23977.826535
1200,60,1787,1,1787,3139,-60,23955.050955
1200,60,1789,1,1789,3137,-60,23943.650431
1200,60,1801,1,1801,3125,-60,23875.070044
1200,60,1811,1,1811,3115,-60,23817.689404
1200,60,1823,1,1823,3103,-60,23748.559244
1200,60,1831,1,1831,3095,-60,23702.308353
1200,60,1847,1,1847,3079,-60,23609.417140
1200,60,1861,1,1861,3065,-60,23527.716427
1200,60,1867,1,1867,3059,-60,23492.582920
1200,60,1871,1,1871,3055,-60,23469.121236
1200,60,1873,1,1873,3053,-60,23457.378635
1200,60,1877,1,1877,3049,-60,23433.869984
1200,60,1879,1,1879,3047,-60,23422.103963
1200,60,1889,1,1889,3037,-60,23363.157481
1200,60,1901,1,1901,3025,-60,23292.167532
1200,60,1907,1,1907,3019,-60,23256.569459
1200,60,1913,1,1913,3013,-60,23220.903150
1200,60,1931,1,1931,2995,-60,23113.498478
1200,60,1933,1,1933,2993,-60,23101.527347
1200,60,1949,1,1949,2977,-60,23005.492751
1200,60,1951,1,1951,2975,-60,22993.455429
1200,60,1973,1,1973,2953,-60,22860.566555
1200,60,1979,1,1979,2947,-60,22824.173265
1200,60,1987,1,1987,2939,-60,22775.549346
1200,60,1993,1,1993,2933,-60,22739.007186
1200,60,1997,1,1997,2929,-60,22714.610586
1200,60,1999,1,1999,2927,-60,22702.401773
1200,60,2003,1,2003,2923,-60,22677.963184
1200,60,2011,1,2011,2915,-60,22629.002485
1200,60,2017,1,2017,2909,-60,22592.209251
1200,60,2027,1,2027,2899,-60,22530.749641
1200,60,2029,1,2029,2897,-60,22518.437191
1200,60,2039,1,2039,2887,-60,22456.772929
1200,60,2053,1,2053,2873,-60,22370.159404
1200,60,2063,1,2063,2863,-60,22308.091968
1200,60,2069,1,2069,2857,-60,22270.771917
1200,60,2081,1,2081,2845,-60,22195.954116
1200,60,2083,1,2083,2843,-60,22183.461573
1200,60,2087,1,2087,2839,-60,22158.456948
1200,60,2089,1,2089,2837,-60,22145.944886
1200,60,2099,1,2099,2827,-60,22083.287515
1200,60,2111,1,2111,2815,-60,22007.886513
1200,60,2113,1,2113,2813,-60,21995.297323
1200,60,2129,1,2129,2797,-60,21894.355699
1200,60,2131,1,2131,2795,-60,21881.709635
1200,60,2137,1,2137,2789,-60,21843.733869
1200,60,2141,1,2141,2785,-60,21818.385481
1200,60,2143,1,2143,2783,-60,21805.701953
1200,60,2153,1,2153,2773,-60,21742.191370
1200,60,2161,1,2161,2765,-60,21691.271957
1200,60,2179,1,2179,2747,-60,21576.346087
1200,60,2203,1,2203,2723,-60,21422.352190
1200,60,2207,1,2207,2719,-60,21396.603160
1200,60,2213,1,2213,2713,-60,21357.935335
1200,60,2221,1,2221,2705,-60,21306.295958
1200,60,2237,1,2237,2689,-60,21202.737253
1200,60,2239,1,2239,2687,-60,21189.766342
1200,60,2243,1,2243,2683,-60,21163.807233
1200,60,2251,1,2251,2675,-60,21111.820115
1200,60,2267,1,2267,2659,-60,21007.572197
1200,60,2269,1,2269,2657,-60,20994.515715
1200,60,2273,1,2273,2653,-60,20968.385850
1200,60,2281,1,2281,2645,-60,20916.058746
1200,60,2287,1,2287,2639,-60,20876.754728
1200,60,2293,1,2293,2633,-60,20837.400650
1200,60,2297,1,2297,2629,-60,20811.136896
1200,60,2309,1,2309,2617,-60,20732.213380
1200,60,2311,1,2311,2615,-60,20719.040257
1200,60,2333,1,2333,2593,-60,20573.776952
1200,60,2339,1,2339,2587,-60,20534.046295
1200,60,2341,1,2341,2585,-60,20520.792022
1200,60,2347,1,2347,2579,-60,20480.997144
1200,60,2351,1,2351,2575,-60,20454.440588
1200,60,2357,1,2357,2569,-60,20414.565950
1200,60,2371,1,2371,2555,-60,20321.340430
1200,60,2377,1,2377,2549,-60,20281.307965
1200,60,2381,1,2381,2545,-60,20254.593580
1200,60,2383,1,2383,2543,-60,20241.228587
1200,60,2389,1,2389,2537,-60,20201.102493
1200,60,2393,1,2393,2533,-60,20174.325907
1200,60,2399,1,2399,2527,-60,20134.122389
1200,60,2411,1,2411,2494,-76,20014.637977
1200,60,2417,1,2417,2476,-85,19950.913177
1200,60,2423,1,2423,2458,-94,19887.127912
1200,60,2437,1,2437,2416,-115,19738.061849
1200,60,2441,1,2441,2404,-121,19695.411753
1200,60,2447,1,2447,2400,-123,19686.005374
1200,60,2459,1,2459,2400,-123,19698.347837
1200,60,2467,1,2467,2400,-120,19683.110454
1200,60,2473,1,2473,2400,-120,19689.231914
1200,60,2477,1,2477,2400,-120,19693.304642
1200,60,2503,1,2503,2400,-120,19719.618134
1200,60,2521,1,2521,2400,-120,19737.675537
1200,60,2531,1,2531,2400,-120,19747.651797
1200,60,2539,1,2539,2400,-120,19755.604466
1200,60,2543,1,2543,2400,-120,19759.571409
1200,60,2549,1,2549,2400,-120,19765.510139
1200,60,2551,1,2551,2400,-120,19767.486610
1200,60,2557,1,2557,2400,-120,19773.406738
1200,60,2579,1,2579,2400,-120,19794.995655
1200,60,2591,1,2591,2400,-120,19806.693935
1200,60,2593,1,2593,2400,-120,19808.638380
1200,60,2609,1,2609,2400,-120,19824.140159
1200,60,2617,1,2617,2400,-120,19831.855434
1200,60,2621,1,2621,2400,-120,19835.704232
1200,60,2633,1,2633,2400,-120,19847.215482
1200,60,2647,1,2647,2400,-120,19860.579150
1200,60,2657,1,2657,2400,-120,19870.081423
1200,60,2659,1,2659,2400,-120,19871.977586
1200,60,2663,1,2663,2400,-120,19875.765636
1200,60,2671,1,2671,2400,-120,19883.324697
1200,60,2677,1,2677,2400,-120,19888.979150
1200,60,2683,1,2683,2400,-120,19894.620943
1200,60,2687,1,2687,2400,-120,19898.375134
1200,60,2689,1,2689,2400,-120,19900.250134
1200,60,2693,1,2693,2400,-120,19903.995954
1200,60,2699,1,2699,2400,-120,19909.604265
1200,60,2707,1,2707,2400,-120,19917.062650
1200,60,2711,1,2711,2400,-120,19920.783581
1200,60,2713,1,2713,2400,-120,19922.641988
1200,60,2719,1,2719,2400,-120,19928.209000
1200,60,2729,1,2729,2400,-120,19937.460112
1200,60,2731,1,2731,2400,-120,19939.306266
1200,60,2741,1,2741,2400,-120,19948.516803
1200,60,2749,1,2749,2400,-120,19955.861070
1200,60,2753,1,2753,2400,-120,19959.525193
1200,60,2767,1,2767,2400,-120,19972.307829
1200,60,2777,1,2777,2400,-120,19981.398748
1200,60,2789,1,2789,2400,-120,19992.264737
1200,60,2791,1,2791,2400,-120,19994.071189
1200,60,2797,1,2797,2400,-120,19999.482787
1200,60,2801,1,2801,2400,-120,20003.084074
1200,60,2803,1,2803,2400,-120,20004.882789
1200,60,2819,1,2819,2400,-120,20019.226478
1200,60,2833,1,2833,2400,-120,20031.710580
1200,60,2837,1,2837,2400,-120,20035.266136
1200,60,2843,1,2843,2400,-120,20040.590081
1200,60,2851,1,2851,2400,-120,20047.671224
1200,60,2857,1,2857,2400,-120,20052.969054
1200,60,2861,1,2861,2400,-120,20056.494762
1200,60,2879,1,2879,2400,-120,20072.299692
1200,60,2887,1,2887,2400,-120,20079.292413
1200,60,2897,1,2897,2400,-120,20088.006114
1200,60,2903,1,2903,2400,-120,20093.219909
1200,60,2909,1,2909,2400,-120,20098.422939
1200,60,2917,1,2917,2400,-120,20105.343644
1200,60,2927,1,2927,2400,-120,20113.967882
1200,60,2939,1,2939,2400,-120,20124.278159
1200,60,2953,1,2953,2400,-120,20136.253742
1200,60,2957,1,2957,2400,-120,20139.664910
1200,60,2963,1,2963,2400,-120,20144.773020
1200,60,2969,1,2969,2400,-120,20149.870796
1200,60,2971,1,2971,2400,-120,20151.567766
1200,60,2999,1,2999,2400,-120,20175.206130
1200,60,3001,1,3001,2400,-120,20176.886131
1200,60,3011,1,3011,2400,-120,20185.269372
1200,60,3019,1,3019,2400,-120,20191.955943
1200,60,3023,1,3023,2400,-120,20195.292587
1200,60,3037,1,3037,2400,-120,20206.936172
1200,60,3041,1,3041,2400,-120,20210.253053
1200,60,3049,1,3049,2400,-120,20216.873746
1200,60,3061,1,3061,2400,-120,20226.772286
1200,60,3067,1,3067,2400,-120,20231.707014
1200,60,3079,1,3079,2400,-120,20241.547573
1200,60,3083,1,3083,2400,-120,20244.819238
1200,60,3089,1,3089,2400,-120,20249.718786
1200,60,3109,1,3109,2400,-120,20265.982153
1200,60,3119,1,3119,2400,-120,20274.074646
1200,60,3121,1,3121,2400,-120,20275.690031
1200,60,3137,1,3137,2400,-120,20288.575965
1200,60,3163,1,3163,2400,-120,20309.376083
1200,60,3167,1,3167,2400,-120,20312.560917
1200,60,3169,1,3169,2400,-120,20314.151826
1200,60,3181,1,3181,2400,-120,20323.676247
1200,60,3187,1,3187,2400,-120,20328.424992
1200,60,3191,1,3191,2400,-120,20331.585858
1200,60,3203,1,3203,2400,-120,20341.044737
1200,60,3209,1,3209,2400,-120,20345.760896
1200,60,3217,1,3217,2400,-120,20352.035409
1200,60,3221,1,3221,2400,-120,20355.166816
1200,60,3229,1,3229,2400,-120,20361.417982
1200,60,3251,1,3251,2400,-120,20378.529159
1200,60,3253,1,3253,2400,-120,20380.078975
1200,60,3257,1,3257,2400,-120,20383.175749
1200,60,3259,1,3259,2400,-120,20384.722711
1200,60,3271,1,3271,2400,-120,20393.984589
1200,60,3299,1,3299,2400,-120,20415.464171
1200,60,3301,1,3301,2400,-120,20416.991444
1200,60,3307,1,3307,2400,-120,20421.567717
1200,60,3313,1,3313,2400,-120,20426.135694
1200,60,3319,1,3319,2400,-120,20430.695406
1200,60,3323,1,3323,2400,-120,20433.730636
1200,60,3329,1,3329,2400,-120,20438.276639
1200,60,3331,1,3331,2400,-120,20439.790152
1200,60,3343,1,3343,2400,-120,20448.852194
1200,60,3347,1,3347,2400,-120,20451.865647
1200,60,3359,1,3359,2400,-120,20460.884446
1200,60,3361,1,3361,2400,-120,20462.384446
1200,60,3371,1,3371,2400,-120,20469.871082
1200,60,3373,1,3373,2400,-120,20471.365744
1200,60,3389,1,3389,2400,-120,20483.291232
1200,60,3391,1,3391,2400,-120,20484.777958
1200,60,3407,1,3407,2400,-120,20496.640293
1200,60,3413,1,3413,2400,-120,20501.074311
1200,60,3433,1,3433,2400,-120,20515.798280
1200,60,3449,1,3449,2400,-120,20527.515825
1200,60,3457,1,3457,2400,-120,20533.354229
1200,60,3461,1,3461,2400,-120,20536.268366
1200,60,3463,1,3463,2400,-120,20537.724172
1200,60,3467,1,3467,2400,-120,20540.633263
1200,60,3469,1,3469,2400,-120,20542.086550
1200,60,3491,1,3491,2400,-120,20558.017638
1200,60,3499,1,3499,2400,-120,20563.785881
1200,60,3511,1,3511,2400,-120,20572.413564
1200,60,3517,1,3517,2400,-120,20576.716354
1200,60,3527,1,3527,2400,-120,20583.871384
1200,60,3529,1,3529,2400,-120,20585.299956
1200,60,3533,1,3533,2400,-120,20588.154671
1200,60,3539,1,3539,2400,-120,20592.430690
1200,60,3541,1,3541,2400,-120,20593.854419
1200,60,3547,1,3547,2400,-120,20598.120786
1200,60,3557,1,3557,2400,-120,20605.215385
1200,60,3559,1,3559,2400,-120,20606.631911
1200,60,3571,1,3571,2400,-120,20615.114388
1200,60,3581,1,3581,2400,-120,20622.161372
1200,60,3583,1,3583,2400,-120,20623.568408
1200,60,3593,1,3593,2400,-120,20630.591824
1200,60,3607,1,3607,2400,-120,20640.391836
1200,60,3613,1,3613,2400,-120,20644.580202
1200,60,3617,1,3617,2400,-120,20647.368585
1200,60,3623,1,3623,2400,-120,20651.545381
1200,60,3631,1,3631,2400,-120,20657.103696
1200,60,3637,1,3637,2400,-120,20661.264401
1200,60,3643,1,3643,2400,-120,20665.418248
1200,60,3659,1,3659,2400,-120,20676.461816
1200,60,3671,1,3671,2400,-120,20684.712846
1200,60,3673,1,3673,2400,-120,20686.085395
1200,60,3677,1,3677,2400,-120,20688.828253
1200,60,3691,1,3691,2400,-120,20698.404812
1200,60,3697,1,3697,2400,-120,20702.497937
1200,60,3701,1,3701,2400,-120,20705.222998
1200,60,3709,1,3709,2400,-120,20710.664295
1200,60,3719,1,3719,2400,-120,20717.449437
1200,60,3727,1,3727,2400,-120,20722.864427
1200,60,3733,1,3733,2400,-120,20726.918047
1200,60,3739,1,3739,2400,-120,20730.965157
1200,60,3761,1,3761,2400,-120,20745.749199
1200,60,3767,1,3767,2400,-120,20749.766203
1200,60,3769,1,3769,2400,-120,20751.103783
1200,60,3779,1,3779,2400,-120,20757.781052
1200,60,3793,1,3793,2400,-120,20767.099605
1200,60,3797,1,3797,2400,-120,20769.755732
1200,60,3803,1,3803,2400,-120,20773.734680
1200,60,3821,1,3821,2400,-120,20785.633968
1200,60,3823,1,3823,2400,-120,20786.952649
1200,60,3833,1,3833,2400,-120,20793.535725
1200,60,3847,1,3847,2400,-120,20802.723235
1200,60,3851,1,3851,2400,-120,20805.342097
1200,60,3853,1,3853,2400,-120,20806.650508
1200,60,3863,1,3863,2400,-120,20813.182394
1200,60,3877,1,3877,2400,-120,20822.298683
1200,60,3881,1,3881,2400,-120,20824.897291
1200,60,3889,1,3889,2400,-120,20830.086482
1200,60,3907,1,3907,2400,-120,20841.723240
1200,60,3911,1,3911,2400,-120,20844.301904
1200,60,3917,1,3917,2400,-120,20848.164961
1200,60,3919,1,3919,2400,-120,20849.451331
1200,60,3923,1,3923,2400,-120,20852.022104
1200,60,3929,1,3929,2400,-120,20855.873353
1200,60,3931,1,3931,2400,-120,20857.155796
1200,60,3943,1,3943,2400,-120,20864.836777
1200,60,3947,1,3947,2400,-120,20867.391911
1200,60,3967,1,3967,2400,-120,20880.128860
1200,60,3989,1,3989,2400,-120,20894.065547
1200,60,4001,1,4001,2400,-120,20901.635014
1200,60,4003,1,4003,2400,-120,20902.894385
1200,60,4007,1,4007,2400,-120,20905.411239
1200,60,4013,1,4013,2400,-120,20909.181813
1200,60,4019,1,4019,2400,-120,20912.946754
1200,60,4021,1,4021,2400,-120,20914.200485
1200,60,4027,1,4027,2400,-120,20917.957941
1200,60,4049,1,4049,2400,-120,20931.687544
1200,60,4051,1,4051,2400,-120,20932.931989
1200,60,4057,1,4057,2400,-120,20936.661639
1200,60,4073,1,4073,2400,-120,20946.580471
1200,60,4079,1,4079,2400,-120,20950.289991
1200,60,4091,1,4091,2400,-120,20957.692689
1200,60,4093,1,4093,2400,-120,20958.924361
1200,60,4099,1,4099,2400,-120,20962.615768
1200,60,4111,1,4111,2400,-120,20969.982399
1200,60,4127,1,4127,2400,-120,20979.771195
1200,60,4129,1,4129,2400,-120,20980.992125
1200,60,4133,1,4133,2400,-120,20983.432213
1200,60,4139,1,4139,2400,-120,20987.087919
1200,60,4153,1,4153,2400,-120,20995.597334
1200,60,4157,1,4157,2400,-120,20998.023327
1200,60,4159,1,4159,2400,-120,20999.235448
1200,60,4177,1,4177,2400,-120,21010.118383
1200,60,4201,1,4201,2400,-120,21024.556235
1200,60,4211,1,4211,2400,-120,21030.547679
1200,60,4217,1,4217,2400,-120,21034.135719
1200,60,4219,1,4219,2400,-120,21035.330599
1200,60,4229,1,4229,2400,-120,21041.296510
1200,60,4231,1,4231,2400,-120,21042.488000
1200,60,4241,1,4241,2400,-120,21048.437011
1200,60,4243,1,4243,2400,-120,21049.625130
1200,60,4253,1,4253,2400,-120,21055.557336
1200,60,4259,1,4259,2400,-120,21059.109968
1200,60,4261,1,4261,2400,-120,21060.293067
1200,60,4271,1,4271,2400,-120,21066.200243
1200,60,4273,1,4273,2400,-120,21067.380018
1200,60,4283,1,4283,2400,-120,21073.270624
1200,60,4289,1,4289,2400,-120,21076.798389
1200,60,4297,1,4297,2400,-120,21081.494407
1200,60,4327,1,4327,2400,-120,21099.026945
1200,60,4337,1,4337,2400,-120,21104.844122
1200,60,4339,1,4339,2400,-120,21106.005948
1200,60,4349,1,4349,2400,-120,21111.807056
1200,60,4357,1,4357,2400,-120,21116.438346
1200,60,4363,1,4363,2400,-120,21119.906236
1200,60,4373,1,4373,2400,-120,21125.675470
1200,60,4391,1,4391,2400,-120,21136.026922
1200,60,4397,1,4397,2400,-120,21139.467978
1200,60,4409,1,4409,2400,-120,21146.336027
1200,60,4421,1,4421,2400,-120,21153.185408
1200,60,4423,1,4423,2400,-120,21154.325164
1200,60,4441,1,4441,2400,-120,21164.559835
1200,60,4447,1,4447,2400,-120,21167.962176
1200,60,4451,1,4451,2400,-120,21170.227854
1200,60,4457,1,4457,2400,-120,21173.622556
1200,60,4463,1,4463,2400,-120,21177.012691
1200,60,4481,1,4481,2400,-120,21187.155817
1200,60,4483,1,4483,2400,-120,21188.280315
1200,60,4493,1,4493,2400,-120,21193.895291
1200,60,4507,1,4507,2400,-120,21201.735297
1200,60,4513,1,4513,2400,-120,21205.087848
1200,60,4517,1,4517,2400,-120,21207.320406
1200,60,4519,1,4519,2400,-120,21208.435944
1200,60,4523,1,4523,2400,-120,21210.665539
1200,60,4547,1,4547,2400,-120,21224.001844
1200,60,4549,1,4549,2400,-120,21225.110023
1200,60,4561,1,4561,2400,-120,21231.748885
1200,60,4567,1,4567,2400,-120,21235.061769
1200,60,4583,1,4583,2400,-120,21243.874893
1200,60,4591,1,4591,2400,-120,21248.269924
1200,60,4597,1,4597,2400,-120,21251.561173
1200,60,4603,1,4603,2400,-120,21254.848130
1200,60,4621,1,4621,2400,-120,21264.683355
1200,60,4637,1,4637,2400,-120,21273.393669
1200,60,4639,1,4639,2400,-120,21274.480344
1200,60,4643,1,4643,2400,-120,21276.652290
1200,60,4649,1,4649,2400,-120,21279.906703
1200,60,4651,1,4651,2400,-120,21280.990574
1200,60,4657,1,4657,2400,-120,21284.239392
1200,60,4663,1,4663,2400,-120,21287.484028
1200,60,4673,1,4673,2400,-120,21292.882488
1200,60,4679,1,4679,2400,-120,21296.116021
1200,60,4691,1,4691,2400,-120,21302.570667
1200,60,4703,1,4703,2400,-120,21309.008823
1200,60,4721,1,4721,2400,-120,21318.635320
1200,60,4723,1,4723,2400,-120,21319.702664
1200,60,4729,1,4729,2400,-120,21322.901987
1200,60,4733,1,4733,2400,-120,21325.032615
1200,60,4751,1,4751,2400,-120,21334.598211
1200,60,4759,1,4759,2400,-120,21338.837960
1200,60,4783,1,4783,2400,-120,21351.514574
1200,60,4787,1,4787,2400,-120,21353.621157
1200,60,4789,1,4789,2400,-120,21354.673789
1200,60,4793,1,4793,2400,-120,21356.777734
1200,60,4799,1,4799,2400,-120,21359.930361
1200,60,4801,1,4801,2400,-120,21360.980361
1200,60,4813,1,4813,2400,-114,21316.396735
1200,60,4817,1,4817,2400,-110,21284.565583
1200,60,4831,1,4831,2400,-96,21173.090676
1200,60,4861,1,4861,2400,-66,20933.872661
1200,60,4871,1,4871,2400,-56,20854.029935
1200,60,4877,1,4877,2400,-50,20806.099611
1200,60,4889,1,4889,2400,-38,20710.183587
1200,60,4903,1,4903,2400,-24,20598.188561
1200,60,4909,1,4909,2400,-18,20550.160141
1200,60,4919,1,4919,2400,-8,20470.072173
1200,60,4931,1,4931,2396,0,20373.899819
1200,60,4933,1,4933,2394,0,20357.864027
1200,60,4937,1,4937,2390,0,20325.786400
1200,60,4943,1,4943,2384,0,20277.654869
1200,60,4951,1,4951,2376,0,20213.451376
1200,60,4957,1,4957,2370,0,20165.277715
1200,60,4967,1,4967,2360,0,20084.948304
1200,60,4969,1,4969,2358,0,20068.876436
1200,60,4973,1,4973,2354,0,20036.726727
1200,60,4987,1,4987,2340,0,19924.140145
1200,60,4993,1,4993,2334,0,19875.859019
1200,60,4999,1,4999,2328,0,19827.560103
1200,60,5003,1,5003,2324,0,19795.350959
1200,60,5009,1,5009,2318,0,19747.022467
1200,60,5011,1,5011,2316,0,19730.909035
1200,60,5021,1,5021,2306,0,19650.312417
1200,60,5023,1,5023,2304,0,19634.187211
1200,60,5039,1,5039,2288,0,19505.115181
1200,60,5051,1,5051,2276,0,19408.229305
1200,60,5059,1,5059,2268,0,19343.599891
1200,60,5077,1,5077,2250,0,19198.070584
1200,60,5081,1,5081,2246,0,19165.709533
1200,60,5087,1,5087,2240,0,19117.153540
1200,60,5099,1,5099,2228,0,19019.989779
1200,60,5101,1,5101,2226,0,19003.789120
1200,60,5107,1,5107,2220,0,18955.175687
1200,60,5113,1,5113,2214,0,18906.545092
1200,60,5119,1,5119,2208,0,18857.897365
1200,60,5147,1,5147,2180,0,18630.649073
1200,60,5153,1,5153,2174,0,18581.904873
1200,60,5167,1,5167,2160,0,18468.102661
1200,60,5171,1,5171,2156,0,18435.570879
1200,60,5179,1,5179,2148,0,18370.484888
1200,60,5189,1,5189,2138,0,18289.085445
1200,60,5197,1,5197,2130,0,18223.932416
1200,60,5209,1,5209,2118,0,18126.147250
1200,60,5227,1,5227,2100,0,17979.344835
1200,60,5231,1,5231,2096,0,17946.701830
1200,60,5233,1,5233,2094,0,17930.377573
1200,60,5237,1,5237,2090,0,17897.723557
1200,60,5261,1,5261,2066,0,17701.645846
1200,60,5273,1,5273,2054,0,17603.508635
1200,60,5279,1,5279,2048,0,17554.415544
1200,60,5281,1,5281,2046,0,17538.047560
1200,60,5297,1,5297,2030,0,17407.038680
1200,60,5303,1,5303,2024,0,17357.880626
1200,60,5309,1,5309,2018,0,17308.706403
1200,60,5323,1,5323,2004,0,17193.903836
1200,60,5333,1,5333,1994,0,17111.848406
1200,60,5347,1,5347,1980,0,16996.896051
1200,60,5351,1,5351,1976,0,16964.036547
1200,60,5381,1,5381,1946,0,16717.365025
1200,60,5387,1,5387,1940,0,16667.983210
1200,60,5393,1,5393,1934,0,16618.585622
1200,60,5399,1,5399,1928,0,16569.172290
1200,60,5407,1,5407,1920,0,16503.263404
1200,60,5413,1,5413,1914,0,16453.813441
1200,60,5417,1,5417,1910,0,16420.838102
1200,60,5419,1,5419,1908,0,16404.347826
1200,60,5431,1,5431,1896,0,16305.369746
1200,60,5437,1,5437,1890,0,16255.857335
1200,60,5441,1,5441,1886,0,16222.840424
1200,60,5443,1,5443,1884,0,16206.329380
1200,60,5449,1,5449,1878,0,16156.785908
1200,60,5471,1,5471,1856,0,15974.994184
1200,60,5477,1,5477,1850,0,15925.378652
1200,60,5479,1,5479,1848,0,15908.836725
1200,60,5483,1,5483,1844,0,15875.747753
1200,60,5501,1,5501,1826,0,15726.763126
1200,60,5503,1,5503,1824,0,15710.200787
1200,60,5507,1,5507,1820,0,15677.071026
1200,60,5519,1,5519,1808,0,15577.641150
1200,60,5521,1,5521,1806,0,15561.063594
1200,60,5527,1,5527,1800,0,15511.320813
1200,60,5531,1,5531,1796,0,15478.150542
1200,60,5557,1,5557,1770,0,15262.380202
1200,60,5563,1,5563,1764,0,15212.546917
1200,60,5569,1,5569,1758,0,15162.698638
1200,60,5573,1,5573,1754,0,15129.458133
1200,60,5581,1,5581,1746,0,15062.957196
1200,60,5591,1,5591,1736,0,14979.793734
1200,60,5623,1,5623,1704,0,14713.393517
1200,60,5639,1,5639,1688,0,14580.035896
1200,60,5641,1,5641,1686,0,14563.358844
1200,60,5647,1,5647,1680,0,14513.317912
1200,60,5651,1,5651,1676,0,14479.949152
1200,60,5653,1,5653,1674,0,14463.262333
1200,60,5657,1,5657,1670,0,14429.883822
1200,60,5659,1,5659,1668,0,14413.192132
1200,60,5669,1,5669,1658,0,14329.709368
1200,60,5683,1,5683,1644,0,14212.765586
1200,60,5689,1,5689,1638,0,14162.622635
1200,60,5693,1,5693,1634,0,14129.185956
1200,60,5701,1,5701,1626,0,14062.293322
1200,60,5711,1,5711,1616,0,13978.641461
1200,60,5717,1,5717,1610,0,13928.431149
1200,60,5737,1,5737,1590,0,13760.959810
1200,60,5741,1,5741,1586,0,13727.446463
1200,60,5743,1,5743,1584,0,13710.687409
1200,60,5749,1,5749,1578,0,13660.400742
1200,60,5779,1,5779,1548,0,13408.754229
1200,60,5783,1,5783,1544,0,13375.174613
1200,60,5791,1,5791,1536,0,13307.996570
1200,60,5801,1,5801,1526,0,13223.988819
1200,60,5807,1,5807,1520,0,13173.565435
1200,60,5813,1,5813,1514,0,13123.128030
1200,60,5821,1,5821,1506,0,13055.856385
1200,60,5827,1,5827,1500,0,13005.386351
1200,60,5839,1,5839,1488,0,12904.404464
1200,60,5843,1,5843,1484,0,12870.731470
1200,60,5849,1,5849,1478,0,12820.210406
1200,60,5851,1,5851,1476,0,12803.366970
1200,60,5857,1,5857,1470,0,12752.827425
1200,60,5861,1,5861,1466,0,12719.126707
1200,60,5867,1,5867,1460,0,12668.564115
1200,60,5869,1,5869,1458,0,12651.706850
1200,60,5879,1,5879,1448,0,12567.397556
1200,60,5881,1,5881,1446,0,12550.531109
1200,60,5897,1,5897,1430,0,12415.544607
1200,60,5903,1,5903,1424,0,12364.899549
1200,60,5923,1,5923,1404,0,12195.984092
1200,60,5927,1,5927,1400,0,12162.182847
1200,60,5939,1,5939,1388,0,12060.742915
1200,60,5953,1,5953,1374,0,11942.327888
1200,60,5981,1,5981,1346,0,11705.277755
1200,60,5987,1,5987,1340,0,11654.443279
1200,60,6007,1,6007,1320,0,11484.898570
1200,60,6011,1,6011,1316,0,11450.971866
1200,60,6029,1,6029,1298,0,11298.228697
1200,60,6037,1,6037,1290,0,11230.304598
1200,60,6043,1,6043,1284,0,11179.346120
1200,60,6047,1,6047,1280,0,11145.366477
1200,60,6053,1,6053,1274,0,11094.386043
1200,60,6067,1,6067,1260,0,10975.380605
1200,60,6073,1,6073,1254,0,10924.356427
1200,60,6079,1,6079,1248,0,10873.319169
1200,60,6089,1,6089,1238,0,10788.228060
1200,60,6091,1,6091,1236,0,10771.205493
1200,60,6101,1,6101,1226,0,10686.070973
1200,60,6113,1,6113,1214,0,10583.861937
1200,60,6121,1,6121,1206,0,10515.693798
1200,60,6131,1,6131,1196,0,10430.451325
1200,60,6133,1,6133,1194,0,10413.398531
1200,60,6143,1,6143,1184,0,10328.113105
1200,60,6151,1,6151,1176,0,10259.859060
1200,60,6163,1,6163,1164,0,10157.435259
1200,60,6173,1,6173,1154,0,10072.043017
1200,60,6197,1,6197,1130,0,9866.957259
1200,60,6199,1,6199,1128,0,9849.857606
1200,60,6203,1,6203,1124,0,9815.654077
1200,60,6211,1,6211,1116,0,9747.230147
1200,60,6217,1,6217,1110,0,9695.897457
1200,60,6221,1,6221,1106,0,9661.668655
1200,60,6229,1,6229,1098,0,9593.194252
1200,60,6247,1,6247,1080,0,9439.045158
1200,60,6257,1,6257,1070,0,9353.358044
1200,60,6263,1,6263,1064,0,9301.929116
1200,60,6269,1,6269,1058,0,9250.487715
1200,60,6271,1,6271,1056,0,9233.337813
1200,60,6277,1,6277,1050,0,9181.879810
1200,60,6287,1,6287,1040,0,9096.088860
1200,60,6299,1,6299,1028,0,8993.094262
1200,60,6301,1,6301,1026,0,8975.923684
1200,60,6311,1,6311,1016,0,8890.050212
1200,60,6317,1,6317,1010,0,8838.509688
1200,60,6323,1,6323,1004,0,8786.956854
1200,60,6329,1,6329,998,0,8735.391730
1200,60,6337,1,6337,990,0,8666.619142
1200,60,6343,1,6343,984,0,8615.025408
1200,60,6353,1,6353,974,0,8529.008678
1200,60,6359,1,6359,968,0,8477.382366
1200,60,6361,1,6361,966,0,8460.170887
1200,60,6367,1,6367,960,0,8408.528333
1200,60,6373,1,6373,954,0,8356.873618
1200,60,6379,1,6379,948,0,8305.206760
1200,60,6389,1,6389,938,0,8219.068392
1200,60,6397,1,6397,930,0,8150.133501
1200,60,6421,1,6421,906,0,7943.200208
1200,60,6427,1,6427,900,0,7891.436831
1200,60,6449,1,6449,878,0,7701.535355
1200,60,6451,1,6451,876,0,7684.263622
1200,60,6469,1,6469,858,0,7528.758508
1200,60,6473,1,6473,854,0,7494.187295
1200,60,6481,1,6481,846,0,7425.029063
1200,60,6491,1,6491,836,0,7338.551693
1200,60,6521,1,6521,806,0,7078.923112
1200,60,6529,1,6529,798,0,7009.639239
1200,60,6547,1,6547,780,0,6853.674523
1200,60,6551,1,6551,776,0,6819.001439
1200,60,6553,1,6553,774,0,6801.662957
1200,60,6563,1,6563,764,0,6714.951164
1200,60,6569,1,6569,758,0,6662.908605
1200,60,6571,1,6571,756,0,6645.558508
1200,60,6577,1,6577,750,0,6593.500495
1200,60,6581,1,6581,746,0,6558.788723
1200,60,6599,1,6599,728,0,6402.522236
1200,60,6607,1,6607,720,0,6333.037180
1200,60,6619,1,6619,708,0,6228.771303
1200,60,6637,1,6637,690,0,6072.286580
1200,60,6653,1,6653,674,0,5933.102810
1200,60,6659,1,6659,668,0,5880.888034
1200,60,6661,1,6661,666,0,5863.480585
1200,60,6673,1,6673,654,0,5759.009428
1200,60,6679,1,6679,648,0,5706.756863
1200,60,6689,1,6689,638,0,5619.644146
1200,60,6691,1,6691,636,0,5602.217842
1200,60,6701,1,6701,626,0,5515.067542
1200,60,6703,1,6703,624,0,5497.633731
1200,60,6709,1,6709,618,0,5445.324806
1200,60,6719,1,6719,608,0,5358.118325
1200,60,6733,1,6733,594,0,5235.976997
1200,60,6737,1,6737,590,0,5201.068301
1200,60,6761,1,6761,566,0,4991.512165
1200,60,6763,1,6763,564,0,4974.041128
1200,60,6779,1,6779,548,0,4834.228513
1200,60,6781,1,6781,546,0,4816.746405
1200,60,6791,1,6791,536,0,4729.317468
1200,60,6793,1,6793,534,0,4711.828005
1200,60,6803,1,6803,524,0,4624.362340
1200,60,6823,1,6823,504,0,4449.339487
1200,60,6827,1,6827,500,0,4414.320309
1200,60,6829,1,6829,498,0,4396.808897
1200,60,6833,1,6833,494,0,4361.782433
1200,60,6841,1,6841,486,0,4291.714951
1200,60,6857,1,6857,470,0,4151.521894
1200,60,6863,1,6863,464,0,4098.929574
1200,60,6869,1,6869,458,0,4046.326407
1200,60,6871,1,6871,456,0,4028.789610
1200,60,6883,1,6883,444,0,3923.543588
1200,60,6899,1,6899,428,0,3783.148390
1200,60,6907,1,6907,420,0,3712.922081
1200,60,6911,1,6911,416,0,3677.801764
1200,60,6917,1,6917,410,0,3625.112346
1200,60,6947,1,6947,380,0,3361.504772
1200,60,6949,1,6949,378,0,3343.921450
1200,60,6959,1,6959,368,0,3255.987112
1200,60,6961,1,6961,366,0,3238.396702
1200,60,6967,1,6967,360,0,3185.618398
1200,60,6971,1,6971,356,0,3150.426972
1200,60,6977,1,6977,350,0,3097.631006
1200,60,6983,1,6983,344,0,3044.824463
1200,60,6991,1,6991,336,0,2974.399306
1200,60,6997,1,6997,330,0,2921.568132
1200,60,7001,1,7001,326,0,2886.341498
1200,60,7013,1,7013,314,0,2780.633546
1200,60,7019,1,7019,308,0,2727.763819
1200,60,7027,1,7027,300,0,2657.254545
1200,60,7039,1,7039,288,0,2551.455761
1200,60,7043,1,7043,284,0,2516.180217
1200,60,7057,1,7057,270,0,2392.679334
1200,60,7069,1,7069,258,0,2286.776371
1200,60,7079,1,7079,248,0,2198.492208
1200,60,7103,1,7103,224,0,1986.493042
1200,60,7109,1,7109,218,0,1933.467477
1200,60,7121,1,7121,206,0,1827.385509
1200,60,7127,1,7127,200,0,1774.329134
1200,60,7129,1,7129,198,0,1756.641398
1200,60,7151,1,7151,176,0,1562.001318
1200,60,7159,1,7159,168,0,1491.189098
1200,60,7177,1,7177,150,0,1331.795512
1200,60,7187,1,7187,140,0,1243.204076
1200,60,7193,1,7193,134,0,1190.035724
1200,60,7207,1,7207,120,0,1065.936967
1200,60,7211,1,7211,116,0,1030.470098
1200,60,7213,1,7213,114,0,1012.734987
1200,60,7219,1,7219,108,0,959.522946
1200,60,7229,1,7229,98,0,870.813887
1200,60,7237,1,7237,90,0,799.826583
1200,60,7243,1,7243,84,0,746.574424
1200,60,7247,1,7247,80,0,711.067430
1200,60,7253,1,7253,74,0,657.798614
1200,60,7283,1,7283,44,0,391.305118
1200,60,7297,1,7297,30,0,266.856558
1200,60,7307,1,7307,20,0,177.931761
1200,60,7309,1,7309,18,0,160.143511
1200,60,7321,1,7321,6,0,53.391013
